-- Adminer 4.7.6 MySQL dump

SET NAMES utf8;
SET time_zone = '+00:00';
SET foreign_key_checks = 0;
SET sql_mode = 'NO_AUTO_VALUE_ON_ZERO';

SET NAMES utf8mb4;

DROP TABLE IF EXISTS `configs`;
CREATE TABLE `configs` (
  `id` bigint(20) unsigned NOT NULL AUTO_INCREMENT,
  `key` varchar(255) COLLATE utf8mb4_unicode_ci NOT NULL,
  `value` longtext COLLATE utf8mb4_unicode_ci NOT NULL,
  `created_at` timestamp NULL DEFAULT NULL,
  `updated_at` timestamp NULL DEFAULT NULL,
  PRIMARY KEY (`id`)
) ENGINE=InnoDB DEFAULT CHARSET=utf8mb4 COLLATE=utf8mb4_unicode_ci;

INSERT INTO `configs` (`id`, `key`, `value`, `created_at`, `updated_at`) VALUES
(1,	'about',	'<p>Lorem ipsum dolor sit amet, consectetur adipisicing elit, sed do eiusmod tempor incididunt ut labore et dolore magn aliqua. Ut enim ad minim veniam, ommodo consequa. Excepteur sint occaecat cupidatat non proident, sunt in culpa qui officia is be deserunt mollit anim id est laborum.</p>',	'2020-05-05 11:53:33',	'2020-05-05 11:53:33');

DROP TABLE IF EXISTS `member_atribut`;
CREATE TABLE `member_atribut` (
  `user_id` int(10) unsigned NOT NULL,
  `jenis_kelamin` varchar(255) COLLATE utf8mb4_unicode_ci DEFAULT NULL,
  `warna_klip` json DEFAULT NULL,
  `fungsi` varchar(255) COLLATE utf8mb4_unicode_ci DEFAULT NULL,
  `ukir` tinyint(4) DEFAULT NULL,
  `body` json DEFAULT NULL,
  `umur` tinyint(4) DEFAULT NULL,
  `pekerjaan` varchar(255) COLLATE utf8mb4_unicode_ci DEFAULT NULL,
  `warna` json DEFAULT NULL
) ENGINE=InnoDB DEFAULT CHARSET=utf8mb4 COLLATE=utf8mb4_unicode_ci;


DROP TABLE IF EXISTS `merk`;
CREATE TABLE `merk` (
  `id` bigint(20) unsigned NOT NULL AUTO_INCREMENT,
  `nama` varchar(255) COLLATE utf8mb4_unicode_ci NOT NULL,
  `kode` varchar(255) COLLATE utf8mb4_unicode_ci NOT NULL,
  `created_at` timestamp NULL DEFAULT NULL,
  `updated_at` timestamp NULL DEFAULT NULL,
  PRIMARY KEY (`id`)
) ENGINE=InnoDB DEFAULT CHARSET=utf8mb4 COLLATE=utf8mb4_unicode_ci;

INSERT INTO `merk` (`id`, `nama`, `kode`, `created_at`, `updated_at`) VALUES
(1,	'Parker',	'Par',	'2020-05-05 11:53:12',	'2020-05-05 11:53:12');

DROP TABLE IF EXISTS `migrations`;
CREATE TABLE `migrations` (
  `id` int(10) unsigned NOT NULL AUTO_INCREMENT,
  `migration` varchar(255) COLLATE utf8mb4_unicode_ci NOT NULL,
  `batch` int(11) NOT NULL,
  PRIMARY KEY (`id`)
) ENGINE=InnoDB DEFAULT CHARSET=utf8mb4 COLLATE=utf8mb4_unicode_ci;

INSERT INTO `migrations` (`id`, `migration`, `batch`) VALUES
(1,	'2014_10_12_000000_create_users_table',	1),
(2,	'2020_04_05_100318_create_tokos_table',	1),
(3,	'2020_04_05_100457_create_merks_table',	1),
(4,	'2020_04_05_100710_create_produks_table',	1),
(5,	'2020_04_05_101115_create_produk_atributs_table',	1),
(6,	'2020_04_05_101546_create_produk_orders_table',	1),
(7,	'2020_04_05_101724_create_toko_produks_table',	1),
(8,	'2020_04_05_101908_create_member_atributs_table',	1),
(9,	'2020_04_05_102129_create_penjualans_table',	1),
(10,	'2020_05_05_051757_create_user_produk_like_table',	1),
(11,	'2020_05_05_063915_create_configs_table',	1);

DROP TABLE IF EXISTS `penjualan`;
CREATE TABLE `penjualan` (
  `id` bigint(20) unsigned NOT NULL AUTO_INCREMENT,
  `produk_id` int(10) unsigned NOT NULL,
  `toko_id` int(10) unsigned NOT NULL,
  `jumlah` int(11) DEFAULT NULL,
  `created_at` timestamp NULL DEFAULT NULL,
  `updated_at` timestamp NULL DEFAULT NULL,
  PRIMARY KEY (`id`)
) ENGINE=InnoDB DEFAULT CHARSET=utf8mb4 COLLATE=utf8mb4_unicode_ci;

INSERT INTO `penjualan` (`id`, `produk_id`, `toko_id`, `jumlah`, `created_at`, `updated_at`) VALUES
(1,	234,	1,	1,	'2020-05-05 11:53:31',	'2020-05-05 11:53:31'),
(2,	230,	1,	1,	'2020-05-05 11:53:31',	'2020-05-05 11:53:31'),
(3,	229,	1,	1,	'2020-05-05 11:53:31',	'2020-05-05 11:53:31'),
(4,	189,	1,	4,	'2020-05-05 11:53:31',	'2020-05-05 11:53:31'),
(5,	160,	1,	7,	'2020-05-05 11:53:31',	'2020-05-05 11:53:31'),
(6,	145,	1,	5,	'2020-05-05 11:53:31',	'2020-05-05 11:53:31'),
(7,	161,	1,	55,	'2020-05-05 11:53:31',	'2020-05-05 11:53:31'),
(8,	146,	1,	31,	'2020-05-05 11:53:31',	'2020-05-05 11:53:31'),
(9,	166,	1,	5,	'2020-05-05 11:53:31',	'2020-05-05 11:53:31'),
(10,	151,	1,	3,	'2020-05-05 11:53:31',	'2020-05-05 11:53:31'),
(11,	148,	1,	15,	'2020-05-05 11:53:31',	'2020-05-05 11:53:31'),
(12,	164,	1,	15,	'2020-05-05 11:53:31',	'2020-05-05 11:53:31'),
(13,	149,	1,	10,	'2020-05-05 11:53:31',	'2020-05-05 11:53:31'),
(14,	165,	1,	5,	'2020-05-05 11:53:31',	'2020-05-05 11:53:31'),
(15,	150,	1,	5,	'2020-05-05 11:53:31',	'2020-05-05 11:53:31'),
(16,	173,	1,	1,	'2020-05-05 11:53:31',	'2020-05-05 11:53:31'),
(17,	158,	1,	2,	'2020-05-05 11:53:31',	'2020-05-05 11:53:31'),
(18,	83,	1,	1,	'2020-05-05 11:53:31',	'2020-05-05 11:53:31'),
(19,	84,	1,	1,	'2020-05-05 11:53:31',	'2020-05-05 11:53:31'),
(20,	153,	1,	1,	'2020-05-05 11:53:31',	'2020-05-05 11:53:31'),
(21,	168,	1,	1,	'2020-05-05 11:53:31',	'2020-05-05 11:53:31'),
(22,	41,	1,	1,	'2020-05-05 11:53:31',	'2020-05-05 11:53:31'),
(23,	20,	1,	1,	'2020-05-05 11:53:31',	'2020-05-05 11:53:31'),
(24,	19,	1,	2,	'2020-05-05 11:53:31',	'2020-05-05 11:53:31'),
(25,	71,	1,	4,	'2020-05-05 11:53:31',	'2020-05-05 11:53:31'),
(26,	21,	1,	8,	'2020-05-05 11:53:31',	'2020-05-05 11:53:31'),
(27,	167,	1,	3,	'2020-05-05 11:53:31',	'2020-05-05 11:53:31'),
(28,	152,	1,	3,	'2020-05-05 11:53:31',	'2020-05-05 11:53:31'),
(29,	235,	1,	1,	'2020-05-05 11:53:31',	'2020-05-05 11:53:31'),
(30,	184,	1,	1,	'2020-05-05 11:53:31',	'2020-05-05 11:53:31'),
(31,	187,	1,	5,	'2020-05-05 11:53:31',	'2020-05-05 11:53:31'),
(32,	183,	1,	2,	'2020-05-05 11:53:31',	'2020-05-05 11:53:31'),
(33,	185,	1,	4,	'2020-05-05 11:53:31',	'2020-05-05 11:53:31'),
(34,	186,	1,	4,	'2020-05-05 11:53:31',	'2020-05-05 11:53:31'),
(35,	182,	1,	1,	'2020-05-05 11:53:31',	'2020-05-05 11:53:31'),
(36,	181,	1,	1,	'2020-05-05 11:53:31',	'2020-05-05 11:53:31'),
(37,	112,	1,	27,	'2020-05-05 11:53:31',	'2020-05-05 11:53:31'),
(38,	115,	1,	7,	'2020-05-05 11:53:31',	'2020-05-05 11:53:31'),
(39,	114,	1,	4,	'2020-05-05 11:53:31',	'2020-05-05 11:53:31'),
(40,	118,	1,	10,	'2020-05-05 11:53:31',	'2020-05-05 11:53:31'),
(41,	14,	1,	1,	'2020-05-05 11:53:31',	'2020-05-05 11:53:31'),
(42,	113,	1,	11,	'2020-05-05 11:53:31',	'2020-05-05 11:53:31'),
(43,	226,	1,	12,	'2020-05-05 11:53:31',	'2020-05-05 11:53:31'),
(44,	227,	1,	13,	'2020-05-05 11:53:31',	'2020-05-05 11:53:31'),
(45,	228,	1,	5,	'2020-05-05 11:53:31',	'2020-05-05 11:53:31'),
(46,	111,	1,	7,	'2020-05-05 11:53:31',	'2020-05-05 11:53:31'),
(47,	225,	1,	9,	'2020-05-05 11:53:31',	'2020-05-05 11:53:31'),
(48,	116,	1,	8,	'2020-05-05 11:53:31',	'2020-05-05 11:53:31'),
(49,	117,	1,	12,	'2020-05-05 11:53:31',	'2020-05-05 11:53:31'),
(50,	236,	1,	1,	'2020-05-05 11:53:31',	'2020-05-05 11:53:31'),
(51,	237,	1,	2,	'2020-05-05 11:53:31',	'2020-05-05 11:53:31'),
(52,	9,	1,	1,	'2020-05-05 11:53:31',	'2020-05-05 11:53:31'),
(53,	65,	1,	1,	'2020-05-05 11:53:31',	'2020-05-05 11:53:31'),
(54,	33,	1,	2,	'2020-05-05 11:53:31',	'2020-05-05 11:53:31'),
(55,	98,	1,	4,	'2020-05-05 11:53:31',	'2020-05-05 11:53:31'),
(56,	100,	1,	5,	'2020-05-05 11:53:31',	'2020-05-05 11:53:31'),
(57,	99,	1,	4,	'2020-05-05 11:53:31',	'2020-05-05 11:53:31'),
(58,	107,	1,	2,	'2020-05-05 11:53:31',	'2020-05-05 11:53:31'),
(59,	105,	1,	4,	'2020-05-05 11:53:31',	'2020-05-05 11:53:31'),
(60,	106,	1,	3,	'2020-05-05 11:53:31',	'2020-05-05 11:53:31'),
(61,	195,	1,	1,	'2020-05-05 11:53:31',	'2020-05-05 11:53:31'),
(62,	101,	1,	4,	'2020-05-05 11:53:31',	'2020-05-05 11:53:31'),
(63,	102,	1,	1,	'2020-05-05 11:53:31',	'2020-05-05 11:53:31'),
(64,	122,	1,	2,	'2020-05-05 11:53:31',	'2020-05-05 11:53:31'),
(65,	238,	1,	15,	'2020-05-05 11:53:31',	'2020-05-05 11:53:31'),
(66,	239,	1,	1,	'2020-05-05 11:53:31',	'2020-05-05 11:53:31'),
(67,	240,	1,	1,	'2020-05-05 11:53:31',	'2020-05-05 11:53:31'),
(68,	136,	1,	3,	'2020-05-05 11:53:31',	'2020-05-05 11:53:31'),
(69,	137,	1,	16,	'2020-05-05 11:53:31',	'2020-05-05 11:53:31'),
(70,	124,	1,	11,	'2020-05-05 11:53:31',	'2020-05-05 11:53:31'),
(71,	125,	1,	16,	'2020-05-05 11:53:31',	'2020-05-05 11:53:31'),
(72,	135,	1,	1,	'2020-05-05 11:53:31',	'2020-05-05 11:53:31'),
(73,	126,	1,	1,	'2020-05-05 11:53:31',	'2020-05-05 11:53:31'),
(74,	132,	1,	5,	'2020-05-05 11:53:31',	'2020-05-05 11:53:31'),
(75,	144,	1,	2,	'2020-05-05 11:53:31',	'2020-05-05 11:53:31'),
(76,	128,	1,	1,	'2020-05-05 11:53:31',	'2020-05-05 11:53:31'),
(77,	68,	1,	1,	'2020-05-05 11:53:31',	'2020-05-05 11:53:31'),
(78,	25,	1,	1,	'2020-05-05 11:53:31',	'2020-05-05 11:53:31'),
(79,	39,	1,	1,	'2020-05-05 11:53:31',	'2020-05-05 11:53:31'),
(80,	38,	1,	1,	'2020-05-05 11:53:31',	'2020-05-05 11:53:31'),
(81,	131,	1,	1,	'2020-05-05 11:53:31',	'2020-05-05 11:53:31'),
(82,	141,	1,	2,	'2020-05-05 11:53:31',	'2020-05-05 11:53:31'),
(83,	127,	1,	1,	'2020-05-05 11:53:31',	'2020-05-05 11:53:31'),
(84,	143,	1,	3,	'2020-05-05 11:53:31',	'2020-05-05 11:53:31'),
(85,	241,	1,	20,	'2020-05-05 11:53:31',	'2020-05-05 11:53:31'),
(86,	85,	1,	3,	'2020-05-05 11:53:31',	'2020-05-05 11:53:31'),
(87,	211,	1,	8,	'2020-05-05 11:53:31',	'2020-05-05 11:53:31'),
(88,	210,	1,	5,	'2020-05-05 11:53:31',	'2020-05-05 11:53:31'),
(89,	242,	1,	2,	'2020-05-05 11:53:31',	'2020-05-05 11:53:31'),
(90,	243,	4,	1,	'2020-05-05 11:53:31',	'2020-05-05 11:53:31'),
(91,	160,	4,	7,	'2020-05-05 11:53:31',	'2020-05-05 11:53:31'),
(92,	145,	4,	2,	'2020-05-05 11:53:31',	'2020-05-05 11:53:31'),
(93,	161,	4,	5,	'2020-05-05 11:53:31',	'2020-05-05 11:53:31'),
(94,	146,	4,	6,	'2020-05-05 11:53:31',	'2020-05-05 11:53:31'),
(95,	166,	4,	3,	'2020-05-05 11:53:31',	'2020-05-05 11:53:31'),
(96,	151,	4,	1,	'2020-05-05 11:53:31',	'2020-05-05 11:53:31'),
(97,	163,	4,	2,	'2020-05-05 11:53:31',	'2020-05-05 11:53:31'),
(98,	148,	4,	10,	'2020-05-05 11:53:31',	'2020-05-05 11:53:31'),
(99,	164,	4,	6,	'2020-05-05 11:53:31',	'2020-05-05 11:53:31'),
(100,	149,	4,	4,	'2020-05-05 11:53:31',	'2020-05-05 11:53:31'),
(101,	165,	4,	4,	'2020-05-05 11:53:31',	'2020-05-05 11:53:31'),
(102,	150,	4,	2,	'2020-05-05 11:53:31',	'2020-05-05 11:53:31'),
(103,	173,	4,	3,	'2020-05-05 11:53:31',	'2020-05-05 11:53:31'),
(104,	158,	4,	1,	'2020-05-05 11:53:31',	'2020-05-05 11:53:31'),
(105,	168,	4,	1,	'2020-05-05 11:53:31',	'2020-05-05 11:53:31'),
(106,	41,	4,	1,	'2020-05-05 11:53:31',	'2020-05-05 11:53:31'),
(107,	40,	4,	1,	'2020-05-05 11:53:31',	'2020-05-05 11:53:31'),
(108,	42,	4,	1,	'2020-05-05 11:53:31',	'2020-05-05 11:53:31'),
(109,	45,	4,	1,	'2020-05-05 11:53:31',	'2020-05-05 11:53:31'),
(110,	157,	4,	1,	'2020-05-05 11:53:31',	'2020-05-05 11:53:31'),
(111,	18,	4,	3,	'2020-05-05 11:53:31',	'2020-05-05 11:53:31'),
(112,	20,	4,	2,	'2020-05-05 11:53:31',	'2020-05-05 11:53:31'),
(113,	19,	4,	2,	'2020-05-05 11:53:31',	'2020-05-05 11:53:31'),
(114,	71,	4,	1,	'2020-05-05 11:53:31',	'2020-05-05 11:53:31'),
(115,	22,	4,	1,	'2020-05-05 11:53:31',	'2020-05-05 11:53:31'),
(116,	21,	4,	3,	'2020-05-05 11:53:31',	'2020-05-05 11:53:31'),
(117,	167,	4,	1,	'2020-05-05 11:53:31',	'2020-05-05 11:53:31'),
(118,	152,	4,	1,	'2020-05-05 11:53:31',	'2020-05-05 11:53:31'),
(119,	206,	4,	1,	'2020-05-05 11:53:31',	'2020-05-05 11:53:31'),
(120,	183,	4,	1,	'2020-05-05 11:53:31',	'2020-05-05 11:53:31'),
(121,	186,	4,	1,	'2020-05-05 11:53:31',	'2020-05-05 11:53:31'),
(122,	112,	4,	2,	'2020-05-05 11:53:31',	'2020-05-05 11:53:31'),
(123,	115,	4,	3,	'2020-05-05 11:53:31',	'2020-05-05 11:53:31'),
(124,	114,	4,	2,	'2020-05-05 11:53:31',	'2020-05-05 11:53:31'),
(125,	113,	4,	4,	'2020-05-05 11:53:31',	'2020-05-05 11:53:31'),
(126,	226,	4,	9,	'2020-05-05 11:53:31',	'2020-05-05 11:53:31'),
(127,	227,	4,	157,	'2020-05-05 11:53:31',	'2020-05-05 11:53:31'),
(128,	228,	4,	59,	'2020-05-05 11:53:31',	'2020-05-05 11:53:31'),
(129,	111,	4,	6,	'2020-05-05 11:53:31',	'2020-05-05 11:53:31'),
(130,	225,	4,	2,	'2020-05-05 11:53:31',	'2020-05-05 11:53:31'),
(131,	116,	4,	3,	'2020-05-05 11:53:31',	'2020-05-05 11:53:31'),
(132,	117,	4,	4,	'2020-05-05 11:53:31',	'2020-05-05 11:53:31'),
(133,	244,	4,	2,	'2020-05-05 11:53:31',	'2020-05-05 11:53:31'),
(134,	5,	4,	4,	'2020-05-05 11:53:31',	'2020-05-05 11:53:31'),
(135,	4,	4,	1,	'2020-05-05 11:53:31',	'2020-05-05 11:53:31'),
(136,	245,	4,	1,	'2020-05-05 11:53:31',	'2020-05-05 11:53:31'),
(137,	6,	4,	1,	'2020-05-05 11:53:32',	'2020-05-05 11:53:32'),
(138,	66,	4,	2,	'2020-05-05 11:53:32',	'2020-05-05 11:53:32'),
(139,	246,	4,	1,	'2020-05-05 11:53:32',	'2020-05-05 11:53:32'),
(140,	35,	4,	1,	'2020-05-05 11:53:32',	'2020-05-05 11:53:32'),
(141,	98,	4,	1,	'2020-05-05 11:53:32',	'2020-05-05 11:53:32'),
(142,	105,	4,	1,	'2020-05-05 11:53:32',	'2020-05-05 11:53:32'),
(143,	106,	4,	1,	'2020-05-05 11:53:32',	'2020-05-05 11:53:32'),
(144,	247,	4,	1,	'2020-05-05 11:53:32',	'2020-05-05 11:53:32'),
(145,	197,	4,	1,	'2020-05-05 11:53:32',	'2020-05-05 11:53:32'),
(146,	103,	4,	1,	'2020-05-05 11:53:32',	'2020-05-05 11:53:32'),
(147,	101,	4,	2,	'2020-05-05 11:53:32',	'2020-05-05 11:53:32'),
(148,	102,	4,	5,	'2020-05-05 11:53:32',	'2020-05-05 11:53:32'),
(149,	238,	4,	2,	'2020-05-05 11:53:32',	'2020-05-05 11:53:32'),
(150,	240,	4,	2,	'2020-05-05 11:53:32',	'2020-05-05 11:53:32'),
(151,	248,	4,	3,	'2020-05-05 11:53:32',	'2020-05-05 11:53:32'),
(152,	137,	4,	11,	'2020-05-05 11:53:32',	'2020-05-05 11:53:32'),
(153,	125,	4,	5,	'2020-05-05 11:53:32',	'2020-05-05 11:53:32'),
(154,	123,	4,	2,	'2020-05-05 11:53:32',	'2020-05-05 11:53:32'),
(155,	135,	4,	2,	'2020-05-05 11:53:32',	'2020-05-05 11:53:32'),
(156,	144,	4,	1,	'2020-05-05 11:53:32',	'2020-05-05 11:53:32'),
(157,	128,	4,	1,	'2020-05-05 11:53:32',	'2020-05-05 11:53:32'),
(158,	26,	4,	1,	'2020-05-05 11:53:32',	'2020-05-05 11:53:32'),
(159,	25,	4,	1,	'2020-05-05 11:53:32',	'2020-05-05 11:53:32'),
(160,	249,	4,	1,	'2020-05-05 11:53:32',	'2020-05-05 11:53:32'),
(161,	37,	4,	2,	'2020-05-05 11:53:32',	'2020-05-05 11:53:32'),
(162,	39,	4,	1,	'2020-05-05 11:53:32',	'2020-05-05 11:53:32'),
(163,	24,	4,	1,	'2020-05-05 11:53:32',	'2020-05-05 11:53:32'),
(164,	129,	4,	2,	'2020-05-05 11:53:32',	'2020-05-05 11:53:32'),
(165,	141,	4,	2,	'2020-05-05 11:53:32',	'2020-05-05 11:53:32'),
(166,	143,	4,	1,	'2020-05-05 11:53:32',	'2020-05-05 11:53:32'),
(167,	241,	4,	14,	'2020-05-05 11:53:32',	'2020-05-05 11:53:32'),
(168,	250,	4,	3,	'2020-05-05 11:53:32',	'2020-05-05 11:53:32'),
(169,	88,	4,	1,	'2020-05-05 11:53:32',	'2020-05-05 11:53:32'),
(170,	208,	4,	3,	'2020-05-05 11:53:32',	'2020-05-05 11:53:32'),
(171,	210,	4,	2,	'2020-05-05 11:53:32',	'2020-05-05 11:53:32'),
(172,	214,	4,	1,	'2020-05-05 11:53:32',	'2020-05-05 11:53:32'),
(173,	215,	4,	2,	'2020-05-05 11:53:32',	'2020-05-05 11:53:32'),
(174,	212,	4,	1,	'2020-05-05 11:53:32',	'2020-05-05 11:53:32'),
(175,	251,	4,	2,	'2020-05-05 11:53:32',	'2020-05-05 11:53:32'),
(176,	189,	6,	3,	'2020-05-05 11:53:32',	'2020-05-05 11:53:32'),
(177,	252,	6,	1,	'2020-05-05 11:53:32',	'2020-05-05 11:53:32'),
(178,	253,	6,	5,	'2020-05-05 11:53:32',	'2020-05-05 11:53:32'),
(179,	254,	6,	1,	'2020-05-05 11:53:32',	'2020-05-05 11:53:32'),
(180,	160,	6,	5,	'2020-05-05 11:53:32',	'2020-05-05 11:53:32'),
(181,	161,	6,	20,	'2020-05-05 11:53:32',	'2020-05-05 11:53:32'),
(182,	146,	6,	10,	'2020-05-05 11:53:32',	'2020-05-05 11:53:32'),
(183,	162,	6,	2,	'2020-05-05 11:53:32',	'2020-05-05 11:53:32'),
(184,	147,	6,	3,	'2020-05-05 11:53:32',	'2020-05-05 11:53:32'),
(185,	166,	6,	4,	'2020-05-05 11:53:32',	'2020-05-05 11:53:32'),
(186,	151,	6,	2,	'2020-05-05 11:53:32',	'2020-05-05 11:53:32'),
(187,	163,	6,	4,	'2020-05-05 11:53:32',	'2020-05-05 11:53:32'),
(188,	148,	6,	5,	'2020-05-05 11:53:32',	'2020-05-05 11:53:32'),
(189,	164,	6,	2,	'2020-05-05 11:53:32',	'2020-05-05 11:53:32'),
(190,	149,	6,	4,	'2020-05-05 11:53:32',	'2020-05-05 11:53:32'),
(191,	165,	6,	3,	'2020-05-05 11:53:32',	'2020-05-05 11:53:32'),
(192,	150,	6,	1,	'2020-05-05 11:53:32',	'2020-05-05 11:53:32'),
(193,	255,	6,	3,	'2020-05-05 11:53:32',	'2020-05-05 11:53:32'),
(194,	173,	6,	1,	'2020-05-05 11:53:32',	'2020-05-05 11:53:32'),
(195,	153,	6,	1,	'2020-05-05 11:53:32',	'2020-05-05 11:53:32'),
(196,	41,	6,	3,	'2020-05-05 11:53:32',	'2020-05-05 11:53:32'),
(197,	45,	6,	1,	'2020-05-05 11:53:32',	'2020-05-05 11:53:32'),
(198,	157,	6,	1,	'2020-05-05 11:53:32',	'2020-05-05 11:53:32'),
(199,	18,	6,	1,	'2020-05-05 11:53:32',	'2020-05-05 11:53:32'),
(200,	20,	6,	1,	'2020-05-05 11:53:32',	'2020-05-05 11:53:32'),
(201,	19,	6,	1,	'2020-05-05 11:53:32',	'2020-05-05 11:53:32'),
(202,	22,	6,	3,	'2020-05-05 11:53:32',	'2020-05-05 11:53:32'),
(203,	21,	6,	4,	'2020-05-05 11:53:32',	'2020-05-05 11:53:32'),
(204,	167,	6,	4,	'2020-05-05 11:53:32',	'2020-05-05 11:53:32'),
(205,	206,	6,	1,	'2020-05-05 11:53:32',	'2020-05-05 11:53:32'),
(206,	186,	6,	1,	'2020-05-05 11:53:32',	'2020-05-05 11:53:32'),
(207,	112,	6,	15,	'2020-05-05 11:53:32',	'2020-05-05 11:53:32'),
(208,	115,	6,	4,	'2020-05-05 11:53:32',	'2020-05-05 11:53:32'),
(209,	114,	6,	2,	'2020-05-05 11:53:32',	'2020-05-05 11:53:32'),
(210,	118,	6,	1,	'2020-05-05 11:53:32',	'2020-05-05 11:53:32'),
(211,	14,	6,	2,	'2020-05-05 11:53:32',	'2020-05-05 11:53:32'),
(212,	15,	6,	1,	'2020-05-05 11:53:32',	'2020-05-05 11:53:32'),
(213,	113,	6,	7,	'2020-05-05 11:53:32',	'2020-05-05 11:53:32'),
(214,	226,	6,	9,	'2020-05-05 11:53:32',	'2020-05-05 11:53:32'),
(215,	227,	6,	4,	'2020-05-05 11:53:32',	'2020-05-05 11:53:32'),
(216,	228,	6,	3,	'2020-05-05 11:53:32',	'2020-05-05 11:53:32'),
(217,	111,	6,	5,	'2020-05-05 11:53:32',	'2020-05-05 11:53:32'),
(218,	116,	6,	8,	'2020-05-05 11:53:32',	'2020-05-05 11:53:32'),
(219,	117,	6,	11,	'2020-05-05 11:53:32',	'2020-05-05 11:53:32'),
(220,	5,	6,	2,	'2020-05-05 11:53:32',	'2020-05-05 11:53:32'),
(221,	9,	6,	1,	'2020-05-05 11:53:32',	'2020-05-05 11:53:32'),
(222,	256,	6,	1,	'2020-05-05 11:53:32',	'2020-05-05 11:53:32'),
(223,	257,	6,	1,	'2020-05-05 11:53:32',	'2020-05-05 11:53:32'),
(224,	6,	6,	1,	'2020-05-05 11:53:32',	'2020-05-05 11:53:32'),
(225,	30,	6,	1,	'2020-05-05 11:53:32',	'2020-05-05 11:53:32'),
(226,	100,	6,	2,	'2020-05-05 11:53:32',	'2020-05-05 11:53:32'),
(227,	238,	6,	1,	'2020-05-05 11:53:32',	'2020-05-05 11:53:32'),
(228,	258,	6,	2,	'2020-05-05 11:53:32',	'2020-05-05 11:53:32'),
(229,	240,	6,	1,	'2020-05-05 11:53:32',	'2020-05-05 11:53:32'),
(230,	248,	6,	9,	'2020-05-05 11:53:32',	'2020-05-05 11:53:32'),
(231,	136,	6,	1,	'2020-05-05 11:53:32',	'2020-05-05 11:53:32'),
(232,	137,	6,	12,	'2020-05-05 11:53:32',	'2020-05-05 11:53:32'),
(233,	125,	6,	3,	'2020-05-05 11:53:32',	'2020-05-05 11:53:32'),
(234,	135,	6,	1,	'2020-05-05 11:53:32',	'2020-05-05 11:53:32'),
(235,	144,	6,	1,	'2020-05-05 11:53:32',	'2020-05-05 11:53:32'),
(236,	128,	6,	1,	'2020-05-05 11:53:32',	'2020-05-05 11:53:32'),
(237,	36,	6,	1,	'2020-05-05 11:53:32',	'2020-05-05 11:53:32'),
(238,	130,	6,	1,	'2020-05-05 11:53:32',	'2020-05-05 11:53:32'),
(239,	127,	6,	1,	'2020-05-05 11:53:32',	'2020-05-05 11:53:32'),
(240,	139,	6,	2,	'2020-05-05 11:53:32',	'2020-05-05 11:53:32'),
(241,	143,	6,	1,	'2020-05-05 11:53:32',	'2020-05-05 11:53:32'),
(242,	241,	6,	10,	'2020-05-05 11:53:32',	'2020-05-05 11:53:32'),
(243,	85,	6,	2,	'2020-05-05 11:53:32',	'2020-05-05 11:53:32'),
(244,	250,	6,	1,	'2020-05-05 11:53:32',	'2020-05-05 11:53:32'),
(245,	208,	6,	1,	'2020-05-05 11:53:32',	'2020-05-05 11:53:32'),
(246,	211,	6,	4,	'2020-05-05 11:53:32',	'2020-05-05 11:53:32'),
(247,	210,	6,	3,	'2020-05-05 11:53:32',	'2020-05-05 11:53:32'),
(248,	214,	6,	1,	'2020-05-05 11:53:32',	'2020-05-05 11:53:32'),
(249,	215,	6,	2,	'2020-05-05 11:53:32',	'2020-05-05 11:53:32'),
(250,	212,	6,	1,	'2020-05-05 11:53:32',	'2020-05-05 11:53:32'),
(251,	213,	6,	1,	'2020-05-05 11:53:32',	'2020-05-05 11:53:32'),
(252,	259,	5,	1,	'2020-05-05 11:53:32',	'2020-05-05 11:53:32'),
(253,	160,	5,	12,	'2020-05-05 11:53:32',	'2020-05-05 11:53:32'),
(254,	145,	5,	14,	'2020-05-05 11:53:32',	'2020-05-05 11:53:32'),
(255,	161,	5,	8,	'2020-05-05 11:53:32',	'2020-05-05 11:53:32'),
(256,	146,	5,	6,	'2020-05-05 11:53:32',	'2020-05-05 11:53:32'),
(257,	147,	5,	2,	'2020-05-05 11:53:32',	'2020-05-05 11:53:32'),
(258,	166,	5,	1,	'2020-05-05 11:53:32',	'2020-05-05 11:53:32'),
(259,	151,	5,	3,	'2020-05-05 11:53:32',	'2020-05-05 11:53:32'),
(260,	163,	5,	4,	'2020-05-05 11:53:32',	'2020-05-05 11:53:32'),
(261,	148,	5,	1,	'2020-05-05 11:53:32',	'2020-05-05 11:53:32'),
(262,	164,	5,	3,	'2020-05-05 11:53:32',	'2020-05-05 11:53:32'),
(263,	165,	5,	1,	'2020-05-05 11:53:32',	'2020-05-05 11:53:32'),
(264,	173,	5,	1,	'2020-05-05 11:53:32',	'2020-05-05 11:53:32'),
(265,	158,	5,	2,	'2020-05-05 11:53:32',	'2020-05-05 11:53:32'),
(266,	153,	5,	1,	'2020-05-05 11:53:32',	'2020-05-05 11:53:32'),
(267,	41,	5,	3,	'2020-05-05 11:53:32',	'2020-05-05 11:53:32'),
(268,	157,	5,	1,	'2020-05-05 11:53:32',	'2020-05-05 11:53:32'),
(269,	20,	5,	1,	'2020-05-05 11:53:32',	'2020-05-05 11:53:32'),
(270,	19,	5,	1,	'2020-05-05 11:53:32',	'2020-05-05 11:53:32'),
(271,	172,	5,	1,	'2020-05-05 11:53:32',	'2020-05-05 11:53:32'),
(272,	167,	5,	4,	'2020-05-05 11:53:32',	'2020-05-05 11:53:32'),
(273,	152,	5,	8,	'2020-05-05 11:53:32',	'2020-05-05 11:53:32'),
(274,	184,	5,	1,	'2020-05-05 11:53:32',	'2020-05-05 11:53:32'),
(275,	187,	5,	1,	'2020-05-05 11:53:32',	'2020-05-05 11:53:32'),
(276,	183,	5,	2,	'2020-05-05 11:53:32',	'2020-05-05 11:53:32'),
(277,	181,	5,	1,	'2020-05-05 11:53:32',	'2020-05-05 11:53:32'),
(278,	112,	5,	7,	'2020-05-05 11:53:32',	'2020-05-05 11:53:32'),
(279,	115,	5,	2,	'2020-05-05 11:53:32',	'2020-05-05 11:53:32'),
(280,	118,	5,	1,	'2020-05-05 11:53:32',	'2020-05-05 11:53:32'),
(281,	120,	5,	6,	'2020-05-05 11:53:32',	'2020-05-05 11:53:32'),
(282,	15,	5,	3,	'2020-05-05 11:53:32',	'2020-05-05 11:53:32'),
(283,	16,	5,	1,	'2020-05-05 11:53:32',	'2020-05-05 11:53:32'),
(284,	113,	5,	1,	'2020-05-05 11:53:32',	'2020-05-05 11:53:32'),
(285,	227,	5,	6,	'2020-05-05 11:53:32',	'2020-05-05 11:53:32'),
(286,	228,	5,	3,	'2020-05-05 11:53:32',	'2020-05-05 11:53:32'),
(287,	116,	5,	1,	'2020-05-05 11:53:32',	'2020-05-05 11:53:32'),
(288,	117,	5,	14,	'2020-05-05 11:53:32',	'2020-05-05 11:53:32'),
(289,	5,	5,	4,	'2020-05-05 11:53:32',	'2020-05-05 11:53:32'),
(290,	4,	5,	2,	'2020-05-05 11:53:32',	'2020-05-05 11:53:32'),
(291,	260,	5,	2,	'2020-05-05 11:53:32',	'2020-05-05 11:53:32'),
(292,	245,	5,	4,	'2020-05-05 11:53:32',	'2020-05-05 11:53:32'),
(293,	9,	5,	1,	'2020-05-05 11:53:32',	'2020-05-05 11:53:32'),
(294,	11,	5,	1,	'2020-05-05 11:53:32',	'2020-05-05 11:53:32'),
(295,	27,	5,	1,	'2020-05-05 11:53:32',	'2020-05-05 11:53:32'),
(296,	98,	5,	2,	'2020-05-05 11:53:32',	'2020-05-05 11:53:32'),
(297,	100,	5,	1,	'2020-05-05 11:53:32',	'2020-05-05 11:53:32'),
(298,	107,	5,	1,	'2020-05-05 11:53:32',	'2020-05-05 11:53:32'),
(299,	105,	5,	5,	'2020-05-05 11:53:32',	'2020-05-05 11:53:32'),
(300,	248,	5,	1,	'2020-05-05 11:53:32',	'2020-05-05 11:53:32'),
(301,	136,	5,	1,	'2020-05-05 11:53:32',	'2020-05-05 11:53:32'),
(302,	137,	5,	16,	'2020-05-05 11:53:32',	'2020-05-05 11:53:32'),
(303,	125,	5,	8,	'2020-05-05 11:53:32',	'2020-05-05 11:53:32'),
(304,	132,	5,	1,	'2020-05-05 11:53:32',	'2020-05-05 11:53:32'),
(305,	144,	5,	2,	'2020-05-05 11:53:32',	'2020-05-05 11:53:32'),
(306,	25,	5,	1,	'2020-05-05 11:53:32',	'2020-05-05 11:53:32'),
(307,	37,	5,	1,	'2020-05-05 11:53:32',	'2020-05-05 11:53:32'),
(308,	36,	5,	1,	'2020-05-05 11:53:32',	'2020-05-05 11:53:32'),
(309,	39,	5,	3,	'2020-05-05 11:53:32',	'2020-05-05 11:53:32'),
(310,	23,	5,	2,	'2020-05-05 11:53:32',	'2020-05-05 11:53:32'),
(311,	24,	5,	2,	'2020-05-05 11:53:32',	'2020-05-05 11:53:32'),
(312,	241,	5,	3,	'2020-05-05 11:53:32',	'2020-05-05 11:53:32'),
(313,	88,	5,	1,	'2020-05-05 11:53:32',	'2020-05-05 11:53:32'),
(314,	261,	5,	3,	'2020-05-05 11:53:32',	'2020-05-05 11:53:32'),
(315,	223,	5,	2,	'2020-05-05 11:53:32',	'2020-05-05 11:53:32'),
(316,	211,	5,	1,	'2020-05-05 11:53:32',	'2020-05-05 11:53:32'),
(317,	209,	5,	3,	'2020-05-05 11:53:32',	'2020-05-05 11:53:32'),
(318,	218,	5,	5,	'2020-05-05 11:53:32',	'2020-05-05 11:53:32'),
(319,	219,	5,	3,	'2020-05-05 11:53:32',	'2020-05-05 11:53:32'),
(320,	220,	5,	5,	'2020-05-05 11:53:32',	'2020-05-05 11:53:32'),
(321,	217,	5,	1,	'2020-05-05 11:53:32',	'2020-05-05 11:53:32'),
(322,	212,	5,	1,	'2020-05-05 11:53:32',	'2020-05-05 11:53:32'),
(323,	251,	5,	1,	'2020-05-05 11:53:32',	'2020-05-05 11:53:32'),
(324,	231,	3,	1,	'2020-05-05 11:53:32',	'2020-05-05 11:53:32'),
(325,	230,	3,	1,	'2020-05-05 11:53:32',	'2020-05-05 11:53:32'),
(326,	160,	3,	2,	'2020-05-05 11:53:32',	'2020-05-05 11:53:32'),
(327,	145,	3,	4,	'2020-05-05 11:53:32',	'2020-05-05 11:53:32'),
(328,	161,	3,	13,	'2020-05-05 11:53:32',	'2020-05-05 11:53:32'),
(329,	146,	3,	9,	'2020-05-05 11:53:32',	'2020-05-05 11:53:32'),
(330,	166,	3,	2,	'2020-05-05 11:53:32',	'2020-05-05 11:53:32'),
(331,	151,	3,	2,	'2020-05-05 11:53:32',	'2020-05-05 11:53:32'),
(332,	148,	3,	11,	'2020-05-05 11:53:32',	'2020-05-05 11:53:32'),
(333,	164,	3,	6,	'2020-05-05 11:53:32',	'2020-05-05 11:53:32'),
(334,	149,	3,	2,	'2020-05-05 11:53:32',	'2020-05-05 11:53:32'),
(335,	165,	3,	2,	'2020-05-05 11:53:32',	'2020-05-05 11:53:32'),
(336,	158,	3,	2,	'2020-05-05 11:53:32',	'2020-05-05 11:53:32'),
(337,	84,	3,	2,	'2020-05-05 11:53:32',	'2020-05-05 11:53:32'),
(338,	41,	3,	1,	'2020-05-05 11:53:32',	'2020-05-05 11:53:32'),
(339,	40,	3,	2,	'2020-05-05 11:53:32',	'2020-05-05 11:53:32'),
(340,	43,	3,	1,	'2020-05-05 11:53:32',	'2020-05-05 11:53:32'),
(341,	157,	3,	1,	'2020-05-05 11:53:32',	'2020-05-05 11:53:32'),
(342,	18,	3,	1,	'2020-05-05 11:53:32',	'2020-05-05 11:53:32'),
(343,	20,	3,	1,	'2020-05-05 11:53:32',	'2020-05-05 11:53:32'),
(344,	22,	3,	1,	'2020-05-05 11:53:32',	'2020-05-05 11:53:32'),
(345,	167,	3,	1,	'2020-05-05 11:53:32',	'2020-05-05 11:53:32'),
(346,	152,	3,	1,	'2020-05-05 11:53:32',	'2020-05-05 11:53:32'),
(347,	184,	3,	1,	'2020-05-05 11:53:32',	'2020-05-05 11:53:32'),
(348,	187,	3,	1,	'2020-05-05 11:53:32',	'2020-05-05 11:53:32'),
(349,	185,	3,	1,	'2020-05-05 11:53:32',	'2020-05-05 11:53:32'),
(350,	186,	3,	1,	'2020-05-05 11:53:32',	'2020-05-05 11:53:32'),
(351,	179,	3,	1,	'2020-05-05 11:53:32',	'2020-05-05 11:53:32'),
(352,	112,	3,	2,	'2020-05-05 11:53:32',	'2020-05-05 11:53:32'),
(353,	115,	3,	2,	'2020-05-05 11:53:32',	'2020-05-05 11:53:32'),
(354,	114,	3,	2,	'2020-05-05 11:53:32',	'2020-05-05 11:53:32'),
(355,	118,	3,	3,	'2020-05-05 11:53:32',	'2020-05-05 11:53:32'),
(356,	15,	3,	1,	'2020-05-05 11:53:32',	'2020-05-05 11:53:32'),
(357,	113,	3,	4,	'2020-05-05 11:53:32',	'2020-05-05 11:53:32'),
(358,	226,	3,	14,	'2020-05-05 11:53:32',	'2020-05-05 11:53:32'),
(359,	227,	3,	1,	'2020-05-05 11:53:32',	'2020-05-05 11:53:32'),
(360,	228,	3,	2,	'2020-05-05 11:53:32',	'2020-05-05 11:53:32'),
(361,	109,	3,	1,	'2020-05-05 11:53:32',	'2020-05-05 11:53:32'),
(362,	110,	3,	2,	'2020-05-05 11:53:32',	'2020-05-05 11:53:32'),
(363,	225,	3,	3,	'2020-05-05 11:53:32',	'2020-05-05 11:53:32'),
(364,	117,	3,	4,	'2020-05-05 11:53:32',	'2020-05-05 11:53:32'),
(365,	5,	3,	3,	'2020-05-05 11:53:32',	'2020-05-05 11:53:32'),
(366,	9,	3,	2,	'2020-05-05 11:53:32',	'2020-05-05 11:53:32'),
(367,	10,	3,	1,	'2020-05-05 11:53:32',	'2020-05-05 11:53:32'),
(368,	100,	3,	1,	'2020-05-05 11:53:32',	'2020-05-05 11:53:32'),
(369,	99,	3,	1,	'2020-05-05 11:53:32',	'2020-05-05 11:53:32'),
(370,	105,	3,	1,	'2020-05-05 11:53:32',	'2020-05-05 11:53:32'),
(371,	106,	3,	2,	'2020-05-05 11:53:32',	'2020-05-05 11:53:32'),
(372,	102,	3,	2,	'2020-05-05 11:53:32',	'2020-05-05 11:53:32'),
(373,	136,	3,	7,	'2020-05-05 11:53:32',	'2020-05-05 11:53:32'),
(374,	137,	3,	4,	'2020-05-05 11:53:32',	'2020-05-05 11:53:32'),
(375,	125,	3,	4,	'2020-05-05 11:53:32',	'2020-05-05 11:53:32'),
(376,	138,	3,	3,	'2020-05-05 11:53:32',	'2020-05-05 11:53:32'),
(377,	132,	3,	1,	'2020-05-05 11:53:32',	'2020-05-05 11:53:32'),
(378,	37,	3,	1,	'2020-05-05 11:53:32',	'2020-05-05 11:53:32'),
(379,	241,	3,	1,	'2020-05-05 11:53:32',	'2020-05-05 11:53:32'),
(380,	250,	3,	1,	'2020-05-05 11:53:32',	'2020-05-05 11:53:32'),
(381,	89,	3,	1,	'2020-05-05 11:53:32',	'2020-05-05 11:53:32'),
(382,	175,	3,	1,	'2020-05-05 11:53:32',	'2020-05-05 11:53:32'),
(383,	211,	3,	4,	'2020-05-05 11:53:32',	'2020-05-05 11:53:32'),
(384,	209,	3,	4,	'2020-05-05 11:53:32',	'2020-05-05 11:53:32'),
(385,	210,	3,	15,	'2020-05-05 11:53:32',	'2020-05-05 11:53:32'),
(386,	218,	3,	13,	'2020-05-05 11:53:32',	'2020-05-05 11:53:32'),
(387,	214,	3,	17,	'2020-05-05 11:53:32',	'2020-05-05 11:53:32'),
(388,	215,	3,	2,	'2020-05-05 11:53:32',	'2020-05-05 11:53:32'),
(389,	220,	3,	2,	'2020-05-05 11:53:32',	'2020-05-05 11:53:32'),
(390,	216,	3,	2,	'2020-05-05 11:53:32',	'2020-05-05 11:53:32'),
(391,	217,	3,	2,	'2020-05-05 11:53:32',	'2020-05-05 11:53:32'),
(392,	213,	3,	10,	'2020-05-05 11:53:32',	'2020-05-05 11:53:32'),
(393,	160,	7,	1,	'2020-05-05 11:53:32',	'2020-05-05 11:53:32'),
(394,	145,	7,	1,	'2020-05-05 11:53:32',	'2020-05-05 11:53:32'),
(395,	161,	7,	15,	'2020-05-05 11:53:32',	'2020-05-05 11:53:32'),
(396,	146,	7,	9,	'2020-05-05 11:53:32',	'2020-05-05 11:53:32'),
(397,	166,	7,	4,	'2020-05-05 11:53:32',	'2020-05-05 11:53:32'),
(398,	151,	7,	3,	'2020-05-05 11:53:32',	'2020-05-05 11:53:32'),
(399,	163,	7,	5,	'2020-05-05 11:53:32',	'2020-05-05 11:53:32'),
(400,	148,	7,	4,	'2020-05-05 11:53:32',	'2020-05-05 11:53:32'),
(401,	164,	7,	2,	'2020-05-05 11:53:32',	'2020-05-05 11:53:32'),
(402,	149,	7,	5,	'2020-05-05 11:53:32',	'2020-05-05 11:53:32'),
(403,	165,	7,	1,	'2020-05-05 11:53:32',	'2020-05-05 11:53:32'),
(404,	158,	7,	1,	'2020-05-05 11:53:32',	'2020-05-05 11:53:32'),
(405,	20,	7,	1,	'2020-05-05 11:53:32',	'2020-05-05 11:53:32'),
(406,	22,	7,	3,	'2020-05-05 11:53:32',	'2020-05-05 11:53:32'),
(407,	21,	7,	2,	'2020-05-05 11:53:32',	'2020-05-05 11:53:32'),
(408,	185,	7,	3,	'2020-05-05 11:53:32',	'2020-05-05 11:53:32'),
(409,	186,	7,	2,	'2020-05-05 11:53:32',	'2020-05-05 11:53:32'),
(410,	182,	7,	1,	'2020-05-05 11:53:32',	'2020-05-05 11:53:32'),
(411,	179,	7,	2,	'2020-05-05 11:53:32',	'2020-05-05 11:53:32'),
(412,	180,	7,	1,	'2020-05-05 11:53:32',	'2020-05-05 11:53:32'),
(413,	181,	7,	1,	'2020-05-05 11:53:32',	'2020-05-05 11:53:32'),
(414,	115,	7,	3,	'2020-05-05 11:53:32',	'2020-05-05 11:53:32'),
(415,	114,	7,	3,	'2020-05-05 11:53:32',	'2020-05-05 11:53:32'),
(416,	120,	7,	1,	'2020-05-05 11:53:32',	'2020-05-05 11:53:32'),
(417,	14,	7,	1,	'2020-05-05 11:53:32',	'2020-05-05 11:53:32'),
(418,	15,	7,	5,	'2020-05-05 11:53:32',	'2020-05-05 11:53:32'),
(419,	16,	7,	5,	'2020-05-05 11:53:32',	'2020-05-05 11:53:32'),
(420,	113,	7,	7,	'2020-05-05 11:53:32',	'2020-05-05 11:53:32'),
(421,	226,	7,	19,	'2020-05-05 11:53:32',	'2020-05-05 11:53:32'),
(422,	228,	7,	1,	'2020-05-05 11:53:32',	'2020-05-05 11:53:32'),
(423,	111,	7,	6,	'2020-05-05 11:53:32',	'2020-05-05 11:53:32'),
(424,	116,	7,	1,	'2020-05-05 11:53:32',	'2020-05-05 11:53:32'),
(425,	117,	7,	9,	'2020-05-05 11:53:32',	'2020-05-05 11:53:32'),
(426,	29,	7,	1,	'2020-05-05 11:53:32',	'2020-05-05 11:53:32'),
(427,	99,	7,	2,	'2020-05-05 11:53:32',	'2020-05-05 11:53:32'),
(428,	107,	7,	2,	'2020-05-05 11:53:32',	'2020-05-05 11:53:32'),
(429,	105,	7,	3,	'2020-05-05 11:53:32',	'2020-05-05 11:53:32'),
(430,	103,	7,	1,	'2020-05-05 11:53:32',	'2020-05-05 11:53:32'),
(431,	101,	7,	2,	'2020-05-05 11:53:32',	'2020-05-05 11:53:32'),
(432,	102,	7,	3,	'2020-05-05 11:53:32',	'2020-05-05 11:53:32'),
(433,	134,	7,	1,	'2020-05-05 11:53:32',	'2020-05-05 11:53:32'),
(434,	240,	7,	1,	'2020-05-05 11:53:32',	'2020-05-05 11:53:32'),
(435,	136,	7,	1,	'2020-05-05 11:53:32',	'2020-05-05 11:53:32'),
(436,	137,	7,	8,	'2020-05-05 11:53:32',	'2020-05-05 11:53:32'),
(437,	124,	7,	1,	'2020-05-05 11:53:32',	'2020-05-05 11:53:32'),
(438,	125,	7,	6,	'2020-05-05 11:53:32',	'2020-05-05 11:53:32'),
(439,	135,	7,	1,	'2020-05-05 11:53:32',	'2020-05-05 11:53:32'),
(440,	138,	7,	1,	'2020-05-05 11:53:32',	'2020-05-05 11:53:32'),
(441,	26,	7,	3,	'2020-05-05 11:53:32',	'2020-05-05 11:53:32'),
(442,	25,	7,	2,	'2020-05-05 11:53:32',	'2020-05-05 11:53:32'),
(443,	37,	7,	2,	'2020-05-05 11:53:32',	'2020-05-05 11:53:32'),
(444,	36,	7,	1,	'2020-05-05 11:53:32',	'2020-05-05 11:53:32'),
(445,	39,	7,	2,	'2020-05-05 11:53:32',	'2020-05-05 11:53:32'),
(446,	23,	7,	1,	'2020-05-05 11:53:32',	'2020-05-05 11:53:32'),
(447,	24,	7,	1,	'2020-05-05 11:53:32',	'2020-05-05 11:53:32'),
(448,	85,	7,	2,	'2020-05-05 11:53:32',	'2020-05-05 11:53:32'),
(449,	208,	7,	3,	'2020-05-05 11:53:32',	'2020-05-05 11:53:32'),
(450,	211,	7,	8,	'2020-05-05 11:53:32',	'2020-05-05 11:53:32'),
(451,	209,	7,	2,	'2020-05-05 11:53:32',	'2020-05-05 11:53:32'),
(452,	210,	7,	7,	'2020-05-05 11:53:32',	'2020-05-05 11:53:32'),
(453,	218,	7,	4,	'2020-05-05 11:53:32',	'2020-05-05 11:53:32'),
(454,	214,	7,	5,	'2020-05-05 11:53:32',	'2020-05-05 11:53:32'),
(455,	219,	7,	11,	'2020-05-05 11:53:32',	'2020-05-05 11:53:32'),
(456,	215,	7,	11,	'2020-05-05 11:53:32',	'2020-05-05 11:53:32'),
(457,	220,	7,	6,	'2020-05-05 11:53:32',	'2020-05-05 11:53:32'),
(458,	216,	7,	2,	'2020-05-05 11:53:32',	'2020-05-05 11:53:32'),
(459,	217,	7,	4,	'2020-05-05 11:53:32',	'2020-05-05 11:53:32'),
(460,	213,	7,	11,	'2020-05-05 11:53:32',	'2020-05-05 11:53:32'),
(461,	188,	2,	3,	'2020-05-05 11:53:32',	'2020-05-05 11:53:32'),
(462,	262,	2,	1,	'2020-05-05 11:53:32',	'2020-05-05 11:53:32'),
(463,	145,	2,	2,	'2020-05-05 11:53:32',	'2020-05-05 11:53:32'),
(464,	161,	2,	6,	'2020-05-05 11:53:33',	'2020-05-05 11:53:33'),
(465,	146,	2,	4,	'2020-05-05 11:53:33',	'2020-05-05 11:53:33'),
(466,	162,	2,	2,	'2020-05-05 11:53:33',	'2020-05-05 11:53:33'),
(467,	147,	2,	1,	'2020-05-05 11:53:33',	'2020-05-05 11:53:33'),
(468,	151,	2,	2,	'2020-05-05 11:53:33',	'2020-05-05 11:53:33'),
(469,	164,	2,	2,	'2020-05-05 11:53:33',	'2020-05-05 11:53:33'),
(470,	149,	2,	3,	'2020-05-05 11:53:33',	'2020-05-05 11:53:33'),
(471,	165,	2,	1,	'2020-05-05 11:53:33',	'2020-05-05 11:53:33'),
(472,	150,	2,	1,	'2020-05-05 11:53:33',	'2020-05-05 11:53:33'),
(473,	255,	2,	2,	'2020-05-05 11:53:33',	'2020-05-05 11:53:33'),
(474,	79,	2,	1,	'2020-05-05 11:53:33',	'2020-05-05 11:53:33'),
(475,	80,	2,	1,	'2020-05-05 11:53:33',	'2020-05-05 11:53:33'),
(476,	41,	2,	1,	'2020-05-05 11:53:33',	'2020-05-05 11:53:33'),
(477,	45,	2,	1,	'2020-05-05 11:53:33',	'2020-05-05 11:53:33'),
(478,	44,	2,	1,	'2020-05-05 11:53:33',	'2020-05-05 11:53:33'),
(479,	18,	2,	1,	'2020-05-05 11:53:33',	'2020-05-05 11:53:33'),
(480,	17,	2,	2,	'2020-05-05 11:53:33',	'2020-05-05 11:53:33'),
(481,	22,	2,	2,	'2020-05-05 11:53:33',	'2020-05-05 11:53:33'),
(482,	21,	2,	3,	'2020-05-05 11:53:33',	'2020-05-05 11:53:33'),
(483,	115,	2,	3,	'2020-05-05 11:53:33',	'2020-05-05 11:53:33'),
(484,	114,	2,	1,	'2020-05-05 11:53:33',	'2020-05-05 11:53:33'),
(485,	118,	2,	2,	'2020-05-05 11:53:33',	'2020-05-05 11:53:33'),
(486,	120,	2,	1,	'2020-05-05 11:53:33',	'2020-05-05 11:53:33'),
(487,	113,	2,	2,	'2020-05-05 11:53:33',	'2020-05-05 11:53:33'),
(488,	226,	2,	3,	'2020-05-05 11:53:33',	'2020-05-05 11:53:33'),
(489,	227,	2,	2,	'2020-05-05 11:53:33',	'2020-05-05 11:53:33'),
(490,	225,	2,	7,	'2020-05-05 11:53:33',	'2020-05-05 11:53:33'),
(491,	117,	2,	4,	'2020-05-05 11:53:33',	'2020-05-05 11:53:33'),
(492,	260,	2,	1,	'2020-05-05 11:53:33',	'2020-05-05 11:53:33'),
(493,	6,	2,	1,	'2020-05-05 11:53:33',	'2020-05-05 11:53:33'),
(494,	30,	2,	1,	'2020-05-05 11:53:33',	'2020-05-05 11:53:33'),
(495,	29,	2,	1,	'2020-05-05 11:53:33',	'2020-05-05 11:53:33'),
(496,	65,	2,	1,	'2020-05-05 11:53:33',	'2020-05-05 11:53:33'),
(497,	106,	2,	2,	'2020-05-05 11:53:33',	'2020-05-05 11:53:33'),
(498,	102,	2,	2,	'2020-05-05 11:53:33',	'2020-05-05 11:53:33'),
(499,	122,	2,	1,	'2020-05-05 11:53:33',	'2020-05-05 11:53:33'),
(500,	136,	2,	2,	'2020-05-05 11:53:33',	'2020-05-05 11:53:33'),
(501,	137,	2,	3,	'2020-05-05 11:53:33',	'2020-05-05 11:53:33'),
(502,	124,	2,	1,	'2020-05-05 11:53:33',	'2020-05-05 11:53:33'),
(503,	125,	2,	4,	'2020-05-05 11:53:33',	'2020-05-05 11:53:33'),
(504,	26,	2,	1,	'2020-05-05 11:53:33',	'2020-05-05 11:53:33'),
(505,	249,	2,	2,	'2020-05-05 11:53:33',	'2020-05-05 11:53:33'),
(506,	37,	2,	5,	'2020-05-05 11:53:33',	'2020-05-05 11:53:33'),
(507,	36,	2,	5,	'2020-05-05 11:53:33',	'2020-05-05 11:53:33'),
(508,	39,	2,	3,	'2020-05-05 11:53:33',	'2020-05-05 11:53:33'),
(509,	23,	2,	1,	'2020-05-05 11:53:33',	'2020-05-05 11:53:33'),
(510,	24,	2,	1,	'2020-05-05 11:53:33',	'2020-05-05 11:53:33'),
(511,	85,	2,	2,	'2020-05-05 11:53:33',	'2020-05-05 11:53:33'),
(512,	178,	2,	1,	'2020-05-05 11:53:33',	'2020-05-05 11:53:33'),
(513,	211,	2,	4,	'2020-05-05 11:53:33',	'2020-05-05 11:53:33'),
(514,	210,	2,	1,	'2020-05-05 11:53:33',	'2020-05-05 11:53:33'),
(515,	218,	2,	1,	'2020-05-05 11:53:33',	'2020-05-05 11:53:33'),
(516,	214,	2,	3,	'2020-05-05 11:53:33',	'2020-05-05 11:53:33'),
(517,	219,	2,	2,	'2020-05-05 11:53:33',	'2020-05-05 11:53:33'),
(518,	215,	2,	3,	'2020-05-05 11:53:33',	'2020-05-05 11:53:33'),
(519,	220,	2,	1,	'2020-05-05 11:53:33',	'2020-05-05 11:53:33'),
(520,	216,	2,	1,	'2020-05-05 11:53:33',	'2020-05-05 11:53:33'),
(521,	217,	2,	1,	'2020-05-05 11:53:33',	'2020-05-05 11:53:33'),
(522,	213,	2,	1,	'2020-05-05 11:53:33',	'2020-05-05 11:53:33');

DROP TABLE IF EXISTS `produk`;
CREATE TABLE `produk` (
  `id` bigint(20) unsigned NOT NULL AUTO_INCREMENT,
  `merk_id` int(10) unsigned NOT NULL,
  `nama` varchar(255) COLLATE utf8mb4_unicode_ci NOT NULL,
  `kode` varchar(255) COLLATE utf8mb4_unicode_ci NOT NULL,
  `harga` bigint(20) NOT NULL,
  `created_at` timestamp NULL DEFAULT NULL,
  `updated_at` timestamp NULL DEFAULT NULL,
  PRIMARY KEY (`id`)
) ENGINE=InnoDB DEFAULT CHARSET=utf8mb4 COLLATE=utf8mb4_unicode_ci;

INSERT INTO `produk` (`id`, `merk_id`, `nama`, `kode`, `harga`, `created_at`, `updated_at`) VALUES
(1,	1,	'P.DUOFOLD 05 BLACK PT RB*',	'0690620',	5300000,	'2020-05-05 11:53:28',	'2020-05-05 11:53:28'),
(2,	1,	'P.DUOFOLD 05 BLACK PT BP*',	'0690650',	4400000,	'2020-05-05 11:53:28',	'2020-05-05 11:53:28'),
(3,	1,	'P.EXEC.SHI CHRM 2BP/1STY/1PC X',	'0781030',	670000,	'2020-05-05 11:53:28',	'2020-05-05 11:53:28'),
(4,	1,	'P.SONNET 07 LAQ.BLK CT RB*',	'0789130',	1750000,	'2020-05-05 11:53:28',	'2020-05-05 11:53:28'),
(5,	1,	'P.SONNET 07 LAQ.BLK CT BP*',	'0789140',	1350000,	'2020-05-05 11:53:28',	'2020-05-05 11:53:28'),
(6,	1,	'P.SONNET 07 SS CT RB*',	'0789490',	1250000,	'2020-05-05 11:53:28',	'2020-05-05 11:53:28'),
(7,	1,	'P.SONNET 07 CH SILVER CT BP*',	'0808310',	2600000,	'2020-05-05 11:53:28',	'2020-05-05 11:53:28'),
(8,	1,	'P.SONNET 07 CH BLACK CT BP*',	'0808530',	2600000,	'2020-05-05 11:53:28',	'2020-05-05 11:53:28'),
(9,	1,	'P.SONNET 07 SLM BLK CT BP*',	'0808780',	1350000,	'2020-05-05 11:53:28',	'2020-05-05 11:53:28'),
(10,	1,	'P.SONNET 07 SLM BLUE CT BP*',	'0808980',	1350000,	'2020-05-05 11:53:28',	'2020-05-05 11:53:28'),
(11,	1,	'P.SONNET 07 SLM SS CT BP',	'0809190',	1050000,	'2020-05-05 11:53:28',	'2020-05-05 11:53:28'),
(12,	1,	'P.LATITUDE 08 GRY/SLVR CT RB X',	'0836440',	2150000,	'2020-05-05 11:53:28',	'2020-05-05 11:53:28'),
(13,	1,	'P.PREM09 DLX CHROME ST RB*',	'0887990',	5300000,	'2020-05-05 11:53:28',	'2020-05-05 11:53:28'),
(14,	1,	'P.JOTTER PREM1 SHNY SS CHSL BP',	'0905530',	450000,	'2020-05-05 11:53:28',	'2020-05-05 11:53:28'),
(15,	1,	'P.JOTTER PREM2 CLASSS CHSL BP*',	'0905550',	450000,	'2020-05-05 11:53:28',	'2020-05-05 11:53:28'),
(16,	1,	'P.JOTTER PRM3 STN BLK SS CH BP',	'0905570',	450000,	'2020-05-05 11:53:28',	'2020-05-05 11:53:28'),
(17,	1,	'P.IM PREM1 TWIN CHISELLED RB',	'0905630',	850000,	'2020-05-05 11:53:28',	'2020-05-05 11:53:28'),
(18,	1,	'P.IM PREM1 TWIN CHISELLED BP M',	'0905650',	670000,	'2020-05-05 11:53:28',	'2020-05-05 11:53:28'),
(19,	1,	'P.IM PREM2 SHINY CHROME CH RB*',	'0905680',	850000,	'2020-05-05 11:53:28',	'2020-05-05 11:53:28'),
(20,	1,	'P.IM PREM2 SHINY CHROME CH BP*',	'0905700',	670000,	'2020-05-05 11:53:28',	'2020-05-05 11:53:28'),
(21,	1,	'P.IM PREM3 DEEP GUN MET CH RB*',	'0905730',	850000,	'2020-05-05 11:53:28',	'2020-05-05 11:53:28'),
(22,	1,	'P.IM PREM3 DEEP GUN MET CH BP*',	'0905750',	670000,	'2020-05-05 11:53:28',	'2020-05-05 11:53:28'),
(23,	1,	'P.URBAN PREM PEARL RB BLK M*',	'0911330',	1070000,	'2020-05-05 11:53:28',	'2020-05-05 11:53:28'),
(24,	1,	'P.URBAN PREM PEARLMTL CHSL BP*',	'0911350',	830000,	'2020-05-05 11:53:28',	'2020-05-05 11:53:28'),
(25,	1,	'P.URBAN PREM EBONYMTL CHSL RB*',	'0911390',	1070000,	'2020-05-05 11:53:28',	'2020-05-05 11:53:28'),
(26,	1,	'P.URBAN PREM EBONYMTL CHSL BP*',	'0911410',	830000,	'2020-05-05 11:53:28',	'2020-05-05 11:53:28'),
(27,	1,	'P.SONNET 10 G.BLK CT RB*',	'0912410',	2100000,	'2020-05-05 11:53:28',	'2020-05-05 11:53:28'),
(28,	1,	'P.SONNET 10 G.BLK CT BP*',	'0912420',	1760000,	'2020-05-05 11:53:28',	'2020-05-05 11:53:28'),
(29,	1,	'P.SONNET 10 SILVER CT RB*',	'0912510',	4350000,	'2020-05-05 11:53:28',	'2020-05-05 11:53:28'),
(30,	1,	'P.SONNET 10 SILVER CT BP*',	'0912520',	3700000,	'2020-05-05 11:53:28',	'2020-05-05 11:53:28'),
(31,	1,	'P.JOTTER11 JADE BP',	'0945900',	95000,	'2020-05-05 11:53:28',	'2020-05-05 11:53:28'),
(32,	1,	'P.JOTTER11 BRONZE BP',	'0945940',	95000,	'2020-05-05 11:53:28',	'2020-05-05 11:53:28'),
(33,	1,	'P.SONNET 11 PKGLD CT RB GB',	'0947280',	2000000,	'2020-05-05 11:53:28',	'2020-05-05 11:53:28'),
(34,	1,	'P.SONNET 11 PKGLD CT BP GB',	'0947290',	1700000,	'2020-05-05 11:53:28',	'2020-05-05 11:53:28'),
(35,	1,	'P.SONNET 11 PEARL PGT BP GB',	'0947390',	1700000,	'2020-05-05 11:53:28',	'2020-05-05 11:53:28'),
(36,	1,	'P.URBAN PREM M.BROWN RB*',	'0949060',	1070000,	'2020-05-05 11:53:28',	'2020-05-05 11:53:28'),
(37,	1,	'P.URBAN PREM M.BROWN BP',	'0949080',	830000,	'2020-05-05 11:53:28',	'2020-05-05 11:53:28'),
(38,	1,	'P.URBAN PREM M.PINK RB*',	'0949120',	1070000,	'2020-05-05 11:53:28',	'2020-05-05 11:53:28'),
(39,	1,	'P.URBAN PREM M.PINK BP*',	'0949140',	830000,	'2020-05-05 11:53:28',	'2020-05-05 11:53:28'),
(40,	1,	'P.IM PREM MTL BLACK CT RB*',	'0949500',	850000,	'2020-05-05 11:53:28',	'2020-05-05 11:53:28'),
(41,	1,	'P.IM PREM MTL BLACK CT BP*',	'0949520',	670000,	'2020-05-05 11:53:28',	'2020-05-05 11:53:28'),
(42,	1,	'P.IM PREM MTL BROWN CT RB*',	'0949560',	850000,	'2020-05-05 11:53:28',	'2020-05-05 11:53:28'),
(43,	1,	'P.IM PREM MTL BROWN CT BP*',	'0949580',	670000,	'2020-05-05 11:53:28',	'2020-05-05 11:53:28'),
(44,	1,	'P.IM PREM MTL PINK CT RB*',	'0949620',	850000,	'2020-05-05 11:53:28',	'2020-05-05 11:53:28'),
(45,	1,	'P.IM PREM MTL PINK CT BP*',	'0949640',	670000,	'2020-05-05 11:53:28',	'2020-05-05 11:53:28'),
(46,	1,	'P.INGNTY S BLK CT F XXXXXX',	'0959030',	2700000,	'2020-05-05 11:53:28',	'2020-05-05 11:53:28'),
(47,	1,	'P.INGNTY S PEARL PGT F XXXXX',	'0959050',	3200000,	'2020-05-05 11:53:28',	'2020-05-05 11:53:28'),
(48,	1,	'P.INGNTY S BLK RUBBER PGT F XX',	'0959060',	3200000,	'2020-05-05 11:53:28',	'2020-05-05 11:53:28'),
(49,	1,	'P.INGNTY S LAQ BLACK GT M',	'0959100',	2700000,	'2020-05-05 11:53:28',	'2020-05-05 11:53:28'),
(50,	1,	'P.INGNTY S BLACK RUB GT M*',	'0959120',	3200000,	'2020-05-05 11:53:28',	'2020-05-05 11:53:28'),
(51,	1,	'P.INGNTY S BROWN RUB GT M*',	'0959130',	3200000,	'2020-05-05 11:53:28',	'2020-05-05 11:53:28'),
(52,	1,	'P.INGNTY S PK.GOLD PVD M*',	'0959140',	3200000,	'2020-05-05 11:53:28',	'2020-05-05 11:53:28'),
(53,	1,	'P.INGNTY L BLK CT F XXXXX',	'0959150',	2700000,	'2020-05-05 11:53:28',	'2020-05-05 11:53:28'),
(54,	1,	'P.INGNTY L BLK R&M CT F XXXXX',	'0959170',	3200000,	'2020-05-05 11:53:28',	'2020-05-05 11:53:28'),
(55,	1,	'P.INGNTY L BRWN R&M CT F XXXXX',	'0959180',	3200000,	'2020-05-05 11:53:28',	'2020-05-05 11:53:28'),
(56,	1,	'P.INGNTY L BLK RUBBER CT F XXX',	'0959190',	3200000,	'2020-05-05 11:53:28',	'2020-05-05 11:53:28'),
(57,	1,	'P.INGNTY L CHROME CT F XXXXX',	'0959200',	3200000,	'2020-05-05 11:53:28',	'2020-05-05 11:53:28'),
(58,	1,	'P.INGNTY L BLACK R&M CT M*',	'0959230',	3200000,	'2020-05-05 11:53:28',	'2020-05-05 11:53:28'),
(59,	1,	'P.INGNTY L BROWN R&M CT M*',	'0959240',	3200000,	'2020-05-05 11:53:28',	'2020-05-05 11:53:28'),
(60,	1,	'P.INGNTY L BLACK RUB CT M*',	'0959250',	3200000,	'2020-05-05 11:53:28',	'2020-05-05 11:53:28'),
(61,	1,	'P.JOTTER CORAL BP',	'0966600',	95000,	'2020-05-05 11:53:28',	'2020-05-05 11:53:28'),
(62,	1,	'P.JOTTER PINK BP',	'0966610',	95000,	'2020-05-05 11:53:28',	'2020-05-05 11:53:28'),
(63,	1,	'P.JOTTER GREY-GREEN BP',	'0966630',	95000,	'2020-05-05 11:53:28',	'2020-05-05 11:53:28'),
(64,	1,	'P.SONNET 11 PKGLD CT 5TH*',	'0975880',	3100000,	'2020-05-05 11:53:28',	'2020-05-05 11:53:28'),
(65,	1,	'P.SONNET 11 PEARL PGT 5TH*',	'0975900',	3100000,	'2020-05-05 11:53:28',	'2020-05-05 11:53:28'),
(66,	1,	'P.SONNET 11 M P CT 5TH*',	'0975910',	3100000,	'2020-05-05 11:53:28',	'2020-05-05 11:53:28'),
(67,	1,	'P.URBAN PREM PEARL MTL CH 5TH*',	'0975920',	1600000,	'2020-05-05 11:53:28',	'2020-05-05 11:53:28'),
(68,	1,	'P.URBAN PREM EBONY MTL CH 5TH',	'0975930',	1600000,	'2020-05-05 11:53:28',	'2020-05-05 11:53:28'),
(69,	1,	'P.IM PREM1 TWIN CHISELLED 5TH*',	'0975940',	1300000,	'2020-05-05 11:53:28',	'2020-05-05 11:53:28'),
(70,	1,	'P.IM PREM2 SHINY CHR CH 5TH*',	'0975950',	1300000,	'2020-05-05 11:53:28',	'2020-05-05 11:53:28'),
(71,	1,	'P.IM PREM3 DEEP GUN MET CH 5TH',	'0975960',	1300000,	'2020-05-05 11:53:28',	'2020-05-05 11:53:28'),
(72,	1,	'P.INGNTY L BLK R&M GT M*',	'1858531',	3200000,	'2020-05-05 11:53:28',	'2020-05-05 11:53:28'),
(73,	1,	'P.INGNTY L BLK R&M GT F XXXXX',	'1858532',	3200000,	'2020-05-05 11:53:28',	'2020-05-05 11:53:28'),
(74,	1,	'P.INGNTY L RED R&M GT M*',	'1858533',	3200000,	'2020-05-05 11:53:29',	'2020-05-05 11:53:29'),
(75,	1,	'P.INGNTY L RED R&M GT F XXXXX',	'1858534',	3200000,	'2020-05-05 11:53:29',	'2020-05-05 11:53:29'),
(76,	1,	'P.INGNTY S PEARL & MTL GT M*',	'1858535',	3200000,	'2020-05-05 11:53:29',	'2020-05-05 11:53:29'),
(77,	1,	'P.INGNTY S TAUPE & MTL PGT M*',	'1858537',	3200000,	'2020-05-05 11:53:29',	'2020-05-05 11:53:29'),
(78,	1,	'P.IM PREM BG RED CT RB*',	'1892645',	550000,	'2020-05-05 11:53:29',	'2020-05-05 11:53:29'),
(79,	1,	'P.IM PREM EMERALD PRL BP*',	'1906737',	670000,	'2020-05-05 11:53:29',	'2020-05-05 11:53:29'),
(80,	1,	'P.IM PREM EMERALD PRL RB*',	'1906738',	850000,	'2020-05-05 11:53:29',	'2020-05-05 11:53:29'),
(81,	1,	'P.IM PREM PINK PRL BP*',	'1906775',	670000,	'2020-05-05 11:53:29',	'2020-05-05 11:53:29'),
(82,	1,	'P.IM PREM PINK PRL RB*',	'1906776',	850000,	'2020-05-05 11:53:29',	'2020-05-05 11:53:29'),
(83,	1,	'P.IM PREM BROWN SHDW BP*',	'1906784',	670000,	'2020-05-05 11:53:29',	'2020-05-05 11:53:29'),
(84,	1,	'P.IM PREM BROWN SHDW RB*',	'1906785',	850000,	'2020-05-05 11:53:29',	'2020-05-05 11:53:29'),
(85,	1,	'P.URBAN VAC GOLDEN PRL BP',	'1906858',	830000,	'2020-05-05 11:53:29',	'2020-05-05 11:53:29'),
(86,	1,	'P.URBAN VAC AMET PRL BP*',	'1906866',	830000,	'2020-05-05 11:53:29',	'2020-05-05 11:53:29'),
(87,	1,	'P.URBAN VAC AMET PRL RB*',	'1906867',	1070000,	'2020-05-05 11:53:29',	'2020-05-05 11:53:29'),
(88,	1,	'P.URBAN VAC SILVER-BLUE BP*',	'1906874',	830000,	'2020-05-05 11:53:29',	'2020-05-05 11:53:29'),
(89,	1,	'P.URBAN VAC SILVER-BLUE RB*',	'1906875',	1070000,	'2020-05-05 11:53:29',	'2020-05-05 11:53:29'),
(90,	1,	'P.DUOFOLD 14 IVORY GT RB*',	'1907181',	5650000,	'2020-05-05 11:53:29',	'2020-05-05 11:53:29'),
(91,	1,	'P.DUOFOLD 14 BLUE GT BP*',	'1907186',	4700000,	'2020-05-05 11:53:29',	'2020-05-05 11:53:29'),
(92,	1,	'P.DUOFOLD 14 BLUE GT RB*',	'1907187',	5650000,	'2020-05-05 11:53:29',	'2020-05-05 11:53:29'),
(93,	1,	'P.DUOFOLD 14 BIG RED GT BP*',	'1907192',	4700000,	'2020-05-05 11:53:29',	'2020-05-05 11:53:29'),
(94,	1,	'P.DUOFOLD 14 BIG RED GT RB*',	'1907193',	5650000,	'2020-05-05 11:53:29',	'2020-05-05 11:53:29'),
(95,	1,	'P.SONNET EXC BLU CUST BP M.BLK',	'1930503',	2050000,	'2020-05-05 11:53:29',	'2020-05-05 11:53:29'),
(96,	1,	'P.SONNET RED GT RBHD TB',	'1950779',	2120000,	'2020-05-05 11:53:29',	'2020-05-05 11:53:29'),
(97,	1,	'P.SONNET RED GT RBHD PREM TB',	'1950780',	2120000,	'2020-05-05 11:53:29',	'2020-05-05 11:53:29'),
(98,	1,	'P.SONNET BLK GT BP M.BLK TB',	'1950784',	1690000,	'2020-05-05 11:53:29',	'2020-05-05 11:53:29'),
(99,	1,	'P.SONNET BLK GT RBHD TB',	'1950786',	2120000,	'2020-05-05 11:53:29',	'2020-05-05 11:53:29'),
(100,	1,	'P.SONNET BLK GT RBHD PREM TB',	'1950787',	2120000,	'2020-05-05 11:53:29',	'2020-05-05 11:53:29'),
(101,	1,	'P.SONNET SS GT BP M.BLK TB',	'1950798',	1330000,	'2020-05-05 11:53:29',	'2020-05-05 11:53:29'),
(102,	1,	'P.SONNET SS GT RBHD TB',	'1950800',	1690000,	'2020-05-05 11:53:29',	'2020-05-05 11:53:29'),
(103,	1,	'P.SONNET SS CT BP M.BLK TB',	'1950871',	1330000,	'2020-05-05 11:53:29',	'2020-05-05 11:53:29'),
(104,	1,	'P.SONNET SS CT RBHD TB',	'1950873',	1690000,	'2020-05-05 11:53:29',	'2020-05-05 11:53:29'),
(105,	1,	'P.SONNET MBLK GT BP M.BLK TB',	'1950876',	1690000,	'2020-05-05 11:53:29',	'2020-05-05 11:53:29'),
(106,	1,	'P.SONNET MBLK GT RBHD TB',	'1950878',	2040000,	'2020-05-05 11:53:29',	'2020-05-05 11:53:29'),
(107,	1,	'P.SONNET MBLK CT BP M.BLK TB',	'1950881',	1690000,	'2020-05-05 11:53:29',	'2020-05-05 11:53:29'),
(108,	1,	'P.SONNET MBLK CT RBHD TB',	'1950884',	2040000,	'2020-05-05 11:53:29',	'2020-05-05 11:53:29'),
(109,	1,	'P.JOTTER SS CT BP M BLU HS',	'1953205',	205000,	'2020-05-05 11:53:29',	'2020-05-05 11:53:29'),
(110,	1,	'P.JOTTER SS GT BP M BLU HS',	'1953206',	235000,	'2020-05-05 11:53:29',	'2020-05-05 11:53:29'),
(111,	1,	'P.JOTTER SS GT BP M.BLK TB',	'1953345',	290000,	'2020-05-05 11:53:29',	'2020-05-05 11:53:29'),
(112,	1,	'P.JOTTER BNB STRT BLK CT BP M',	'1953346',	200000,	'2020-05-05 11:53:29',	'2020-05-05 11:53:29'),
(113,	1,	'P.JOTTER RYL BLU CT BP MBLK',	'1953347',	200000,	'2020-05-05 11:53:29',	'2020-05-05 11:53:29'),
(114,	1,	'P.JOTTER KEN RED CT BP MBLK',	'1953348',	200000,	'2020-05-05 11:53:29',	'2020-05-05 11:53:29'),
(115,	1,	'P.JOTTER CHLS ORNG CT BP M BLK',	'1953349',	200000,	'2020-05-05 11:53:29',	'2020-05-05 11:53:29'),
(116,	1,	'P.JOTTER VICTO VIOLT CT BP M',	'1953350',	200000,	'2020-05-05 11:53:29',	'2020-05-05 11:53:29'),
(117,	1,	'P.JOTTER WATERLOO BLUE CT BP M',	'1953411',	200000,	'2020-05-05 11:53:29',	'2020-05-05 11:53:29'),
(118,	1,	'P.JOTTER PORT PUR CT BP MBLK',	'1953412',	200000,	'2020-05-05 11:53:29',	'2020-05-05 11:53:29'),
(119,	1,	'P.JOTTER PR TOW GRY DI CT BP M',	'1953413',	430000,	'2020-05-05 11:53:29',	'2020-05-05 11:53:29'),
(120,	1,	'P.JOTTER PR DTOWN BRWN P CT BP',	'1953418',	430000,	'2020-05-05 11:53:29',	'2020-05-05 11:53:29'),
(121,	1,	'P.URBAN VBRT MGNTA CT BP M.BLK',	'1975445',	510000,	'2020-05-05 11:53:29',	'2020-05-05 11:53:29'),
(122,	1,	'P.URBAN BLK CAB CT BP M.BLK TB',	'1975447',	510000,	'2020-05-05 11:53:29',	'2020-05-05 11:53:29'),
(123,	1,	'P.URBAN METRO MTLC CT BP M.BLK',	'1975449',	510000,	'2020-05-05 11:53:29',	'2020-05-05 11:53:29'),
(124,	1,	'P.URBAN MATTE BLCK CT BP M.BLK',	'1975451',	510000,	'2020-05-05 11:53:29',	'2020-05-05 11:53:29'),
(125,	1,	'P.URBAN MATTE BLK GT BP M.BLK',	'1975453',	510000,	'2020-05-05 11:53:29',	'2020-05-05 11:53:29'),
(126,	1,	'P.URBAN NGHTSKY BLU CT BP M',	'1975455',	510000,	'2020-05-05 11:53:29',	'2020-05-05 11:53:29'),
(127,	1,	'P.URBAN PREMIUM EBONY BP M.BLK',	'1975459',	830000,	'2020-05-05 11:53:29',	'2020-05-05 11:53:29'),
(128,	1,	'P.URBAN PREM DARK BLU BP M.BLK',	'1975463',	830000,	'2020-05-05 11:53:29',	'2020-05-05 11:53:29'),
(129,	1,	'P.URBAN PREM SLV PWD CT BP M',	'1975467',	660000,	'2020-05-05 11:53:29',	'2020-05-05 11:53:29'),
(130,	1,	'P.URBAN PREM VIOLET BP M.BLK',	'1975471',	830000,	'2020-05-05 11:53:29',	'2020-05-05 11:53:29'),
(131,	1,	'P.URBAN PREM ORANGE BP M.BLK',	'1975473',	830000,	'2020-05-05 11:53:29',	'2020-05-05 11:53:29'),
(132,	1,	'P.URBAN PREM AUR PWD GT BP M',	'1975475',	660000,	'2020-05-05 11:53:29',	'2020-05-05 11:53:29'),
(133,	1,	'P.URBAN VIBRANT MGNTA CT RB TB',	'1975524',	620000,	'2020-05-05 11:53:29',	'2020-05-05 11:53:29'),
(134,	1,	'P.URBAN BLACK CAB CT RBHD TB',	'1975525',	620000,	'2020-05-05 11:53:29',	'2020-05-05 11:53:29'),
(135,	1,	'P.URBAN METRO MTLC CT RBHD TB',	'1975526',	620000,	'2020-05-05 11:53:29',	'2020-05-05 11:53:29'),
(136,	1,	'P.URBAN MATTE BLACK CT RBHD TB',	'1975527',	620000,	'2020-05-05 11:53:29',	'2020-05-05 11:53:29'),
(137,	1,	'P.URBAN MATTE BLACK GT RBHD TB',	'1975528',	620000,	'2020-05-05 11:53:29',	'2020-05-05 11:53:29'),
(138,	1,	'P.URBAN NIGHTSKY  BLU CT RBHD',	'1975529',	620000,	'2020-05-05 11:53:29',	'2020-05-05 11:53:29'),
(139,	1,	'P.URBAN PREMIUM EBONY RBHD TB',	'1975531',	1070000,	'2020-05-05 11:53:29',	'2020-05-05 11:53:29'),
(140,	1,	'P.URBAN PREMIUM DK BLUE RBHD',	'1975533',	1070000,	'2020-05-05 11:53:29',	'2020-05-05 11:53:29'),
(141,	1,	'P.URBAN PREM SLV PWD CT RBHD',	'1975535',	860000,	'2020-05-05 11:53:29',	'2020-05-05 11:53:29'),
(142,	1,	'P.URBAN PREMIUM VIOLET RBHD TB',	'1975537',	1070000,	'2020-05-05 11:53:29',	'2020-05-05 11:53:29'),
(143,	1,	'P.URBAN PREMIUM ORANGE RBHD TB',	'1975538',	1070000,	'2020-05-05 11:53:29',	'2020-05-05 11:53:29'),
(144,	1,	'P.URBAN PREM AUR PWD GT RBHD',	'1975539',	860000,	'2020-05-05 11:53:29',	'2020-05-05 11:53:29'),
(145,	1,	'P.IM BLACK CT RBHD TB',	'1975575',	450000,	'2020-05-05 11:53:29',	'2020-05-05 11:53:29'),
(146,	1,	'P.IM BLACK GT RBHD TB',	'1975576',	450000,	'2020-05-05 11:53:29',	'2020-05-05 11:53:29'),
(147,	1,	'P.IM BLUE CT RBHD TB',	'1975577',	410000,	'2020-05-05 11:53:29',	'2020-05-05 11:53:29'),
(148,	1,	'P.IM BRUSHED METAL GT RB HD TB',	'1975578',	480000,	'2020-05-05 11:53:29',	'2020-05-05 11:53:29'),
(149,	1,	'P.IM DARK ESPRESSO CT RBHD TB',	'1975579',	450000,	'2020-05-05 11:53:29',	'2020-05-05 11:53:29'),
(150,	1,	'P.IM LIGHT PURPLE CT RBHD TB',	'1975580',	450000,	'2020-05-05 11:53:29',	'2020-05-05 11:53:29'),
(151,	1,	'P.IM BLUE GREY CT RBHD TB',	'1975581',	450000,	'2020-05-05 11:53:29',	'2020-05-05 11:53:29'),
(152,	1,	'P.IM WHITE CT RBHD TB',	'1975582',	450000,	'2020-05-05 11:53:29',	'2020-05-05 11:53:29'),
(153,	1,	'P.IM PREM DARK ESPR CH RBHD TB',	'1975583',	860000,	'2020-05-05 11:53:29',	'2020-05-05 11:53:29'),
(154,	1,	'P.IM PREM DARK VIOLET CT RBHD',	'1975584',	850000,	'2020-05-05 11:53:29',	'2020-05-05 11:53:29'),
(155,	1,	'P.IM PREMIUM  BROWN CT RBHD TB',	'1975585',	850000,	'2020-05-05 11:53:29',	'2020-05-05 11:53:29'),
(156,	1,	'P.IM PREM PALE GREEN CT RBHD',	'1975586',	850000,	'2020-05-05 11:53:29',	'2020-05-05 11:53:29'),
(157,	1,	'P.IM PREM WARM GREY GT RBHD',	'1975587',	880000,	'2020-05-05 11:53:29',	'2020-05-05 11:53:29'),
(158,	1,	'P.IM PREM BLACK GT RBHD TB',	'1975588',	880000,	'2020-05-05 11:53:29',	'2020-05-05 11:53:29'),
(159,	1,	'P.IM PREM BLUE CT RBHD TB',	'1975589',	850000,	'2020-05-05 11:53:29',	'2020-05-05 11:53:29'),
(160,	1,	'P.IM BLACK CT BP M.BLK TB',	'1975636',	340000,	'2020-05-05 11:53:29',	'2020-05-05 11:53:29'),
(161,	1,	'P.IM BLACK GT BP M.BLK TB',	'1975638',	340000,	'2020-05-05 11:53:29',	'2020-05-05 11:53:29'),
(162,	1,	'P.IM BLUE CT BP M.BLK',	'1975640',	310000,	'2020-05-05 11:53:29',	'2020-05-05 11:53:29'),
(163,	1,	'P.IM BRUSHED METAL GT BP M.BLK',	'1975642',	370000,	'2020-05-05 11:53:29',	'2020-05-05 11:53:29'),
(164,	1,	'P.IM DARK ESPRESSO CT BP M.BLK',	'1975644',	340000,	'2020-05-05 11:53:29',	'2020-05-05 11:53:29'),
(165,	1,	'P.IM LIGHT PURPLE CT BP M.BLK',	'1975646',	340000,	'2020-05-05 11:53:29',	'2020-05-05 11:53:29'),
(166,	1,	'P.IM BLUE GREY CT BP M.BLK TB',	'1975648',	340000,	'2020-05-05 11:53:29',	'2020-05-05 11:53:29'),
(167,	1,	'P.IM WHITE CT BP M.BLK TB',	'1975650',	340000,	'2020-05-05 11:53:29',	'2020-05-05 11:53:29'),
(168,	1,	'P.IM PREM DRK ESPR CH BP M.BLK',	'1975652',	670000,	'2020-05-05 11:53:29',	'2020-05-05 11:53:29'),
(169,	1,	'P.IM PRM DRK VIOLT CT BP M.BLK',	'1975654',	670000,	'2020-05-05 11:53:29',	'2020-05-05 11:53:29'),
(170,	1,	'P.IM PREM BROWN CT BP M.BLK TB',	'1975656',	670000,	'2020-05-05 11:53:29',	'2020-05-05 11:53:29'),
(171,	1,	'P.IM PREM PALE GRN CT BP M.BLK',	'1975658',	670000,	'2020-05-05 11:53:29',	'2020-05-05 11:53:29'),
(172,	1,	'P.IM PRM WARM GREY GT BP M.BLK',	'1975660',	700000,	'2020-05-05 11:53:29',	'2020-05-05 11:53:29'),
(173,	1,	'P.IM PREM BLACK GT BP M.BLK TB',	'1975662',	700000,	'2020-05-05 11:53:29',	'2020-05-05 11:53:29'),
(174,	1,	'P.IM PREM BLUE CT BP M.BLK TB',	'1975664',	670000,	'2020-05-05 11:53:29',	'2020-05-05 11:53:29'),
(175,	1,	'P.VECT PRP RBHD',	'2025466',	170000,	'2020-05-05 11:53:29',	'2020-05-05 11:53:29'),
(176,	1,	'P.VECT PRP BP M.BLU',	'2025467',	150000,	'2020-05-05 11:53:29',	'2020-05-05 11:53:29'),
(177,	1,	'P.VECT BLUE GREEN RBHD',	'2025678',	170000,	'2020-05-05 11:53:29',	'2020-05-05 11:53:29'),
(178,	1,	'P.VECT BLUE GREEN BP M BLU',	'2025679',	150000,	'2020-05-05 11:53:29',	'2020-05-05 11:53:29'),
(179,	1,	'P.JOT SE BRNZ GTHC CT BP M BLU',	'2025826',	310000,	'2020-05-05 11:53:29',	'2020-05-05 11:53:29'),
(180,	1,	'P.JOT SE RED CLASSIC CT BP M',	'2025827',	310000,	'2020-05-05 11:53:29',	'2020-05-05 11:53:29'),
(181,	1,	'P.JOT SE SKYBL MDRN CT BP M',	'2025828',	310000,	'2020-05-05 11:53:29',	'2020-05-05 11:53:29'),
(182,	1,	'P.JOT SE BLCK PSTMO CT BP M',	'2025829',	310000,	'2020-05-05 11:53:29',	'2020-05-05 11:53:29'),
(183,	1,	'P.JOT ORIGINAL MAGENTA CT BP M',	'2075999',	105000,	'2020-05-05 11:53:29',	'2020-05-05 11:53:29'),
(184,	1,	'P.JOT ORIGINAL BLUE CT BP M',	'2076053',	105000,	'2020-05-05 11:53:29',	'2020-05-05 11:53:29'),
(185,	1,	'P.JOT ORIGINAL ORANGE CT BP M',	'2076055',	105000,	'2020-05-05 11:53:29',	'2020-05-05 11:53:29'),
(186,	1,	'P.JOT ORIGINAL YELLOW CT BP M',	'2076057',	105000,	'2020-05-05 11:53:29',	'2020-05-05 11:53:29'),
(187,	1,	'P.JOT ORIGINAL GREEN CT BP M',	'2076059',	105000,	'2020-05-05 11:53:29',	'2020-05-05 11:53:29'),
(188,	1,	'P.I AM DLX.BRUSH.NP SS GT BP M',	'4002031243100',	240000,	'2020-05-05 11:53:29',	'2020-05-05 11:53:29'),
(189,	1,	'P.I AM BLUE CT RB M',	'4007124099100',	280000,	'2020-05-05 11:53:29',	'2020-05-05 11:53:29'),
(190,	1,	'P.DUOFL.96 INT BLACK FP M*',	'4058412183300',	10000000,	'2020-05-05 11:53:29',	'2020-05-05 11:53:29'),
(191,	1,	'P.DUOFL.INT BLACK PT.RB M*',	'4058422842300',	6100000,	'2020-05-05 11:53:29',	'2020-05-05 11:53:29'),
(192,	1,	'P.SONNET SS FOUG.BP M*',	'4082132342300',	2750000,	'2020-05-05 11:53:29',	'2020-05-05 11:53:29'),
(193,	1,	'P.SONNET REFRESH CISL BP M*',	'4102131142100',	3750000,	'2020-05-05 11:53:29',	'2020-05-05 11:53:29'),
(194,	1,	'P.SONNET REFRESH BLUE ST RB M*',	'4103324199100',	2900000,	'2020-05-05 11:53:29',	'2020-05-05 11:53:29'),
(195,	1,	'P.SONNET REFRESH LAQBLKST BPF*',	'4103332133100',	1750000,	'2020-05-05 11:53:29',	'2020-05-05 11:53:29'),
(196,	1,	'P.SONNET REFRESH BLUE ST BP M*',	'4103334142100',	2350000,	'2020-05-05 11:53:29',	'2020-05-05 11:53:29'),
(197,	1,	'P.SONNET REFRESH SSGT PCL 0.5*',	'4105249932100',	1050000,	'2020-05-05 11:53:29',	'2020-05-05 11:53:29'),
(198,	1,	'P.100 BLUE GT FP M XXXXX',	'4113214583300',	6500000,	'2020-05-05 11:53:29',	'2020-05-05 11:53:29'),
(199,	1,	'P.100 BLUE GT RB M XXXXX',	'4113224542300',	4500000,	'2020-05-05 11:53:29',	'2020-05-05 11:53:29'),
(200,	1,	'P.100 TAUPE BROWN GT RB M XXXX',	'4113227542300',	4500000,	'2020-05-05 11:53:29',	'2020-05-05 11:53:29'),
(201,	1,	'P.100 BLUE BLACK GT BP M XXXXX',	'4114232142300',	3300000,	'2020-05-05 11:53:29',	'2020-05-05 11:53:29'),
(202,	1,	'P.100 BLUE BLACK ST FP B XXXXX',	'4114312184300',	6500000,	'2020-05-05 11:53:29',	'2020-05-05 11:53:29'),
(203,	1,	'P.100 SILVER GREY ST RB M XXXX',	'4114321242300',	4500000,	'2020-05-05 11:53:29',	'2020-05-05 11:53:29'),
(204,	1,	'P.100 BLUE BLACK ST RB M XXXXX',	'4114322142300',	4500000,	'2020-05-05 11:53:29',	'2020-05-05 11:53:29'),
(205,	1,	'P.100 SILVER GREY ST BP M XXXX',	'4114331242300',	3300000,	'2020-05-05 11:53:29',	'2020-05-05 11:53:29'),
(206,	1,	'P.INSIGNIA REF.BL STN CT BP FX',	'4163134133100',	1000000,	'2020-05-05 11:53:29',	'2020-05-05 11:53:29'),
(207,	1,	'P.LATITUDE S BLUE CT BP M XXXX',	'4173134342300',	1250000,	'2020-05-05 11:53:29',	'2020-05-05 11:53:29'),
(208,	1,	'P.VECTOR2 SS FP F*',	'4465119931100',	260000,	'2020-05-05 11:53:29',	'2020-05-05 11:53:29'),
(209,	1,	'P.VECTOR2 SS.FP M',	'4465119941100',	330000,	'2020-05-05 11:53:29',	'2020-05-05 11:53:29'),
(210,	1,	'P.VECTOR2 SS.RB M',	'4465129943100',	270000,	'2020-05-05 11:53:29',	'2020-05-05 11:53:29'),
(211,	1,	'P.VECTOR2 SS.BP M',	'4465139943100',	220000,	'2020-05-05 11:53:29',	'2020-05-05 11:53:29'),
(212,	1,	'P.VECTOR2 STD.WHITE FP F*',	'4468210731100',	275000,	'2020-05-05 11:53:29',	'2020-05-05 11:53:29'),
(213,	1,	'P.VECTOR2 STD.WHITE RB M',	'4468220743100',	170000,	'2020-05-05 11:53:29',	'2020-05-05 11:53:29'),
(214,	1,	'P.VECTOR2 STD.BLACK RB M',	'4468222143100',	170000,	'2020-05-05 11:53:29',	'2020-05-05 11:53:29'),
(215,	1,	'P.VECTOR2 STD.BLUE RB M*',	'4468224043100',	170000,	'2020-05-05 11:53:29',	'2020-05-05 11:53:29'),
(216,	1,	'P.VECTOR2 STD.RED RB M',	'4468227043100',	170000,	'2020-05-05 11:53:29',	'2020-05-05 11:53:29'),
(217,	1,	'P.VECTOR2 STD.WHITE BP M*',	'4468230742100',	150000,	'2020-05-05 11:53:29',	'2020-05-05 11:53:29'),
(218,	1,	'P.VECTOR2 STD.BLACK BP M*',	'4468232142100',	150000,	'2020-05-05 11:53:29',	'2020-05-05 11:53:29'),
(219,	1,	'P.VECTOR2 STD.BLUE BP M',	'4468234042100',	150000,	'2020-05-05 11:53:29',	'2020-05-05 11:53:29'),
(220,	1,	'P.VECTOR2 STD.RED BP M',	'4468237042100',	150000,	'2020-05-05 11:53:29',	'2020-05-05 11:53:29'),
(221,	1,	'P.VECTOR MF VOL SMOKEBP/PC/ST*',	'4468592102100',	275000,	'2020-05-05 11:53:29',	'2020-05-05 11:53:29'),
(222,	1,	'P.VECTOR KIT RB XXX',	'4468930099100',	80000,	'2020-05-05 11:53:29',	'2020-05-05 11:53:29'),
(223,	1,	'P.VECTOR SURFING BP M*',	'4469837142100',	15000,	'2020-05-05 11:53:29',	'2020-05-05 11:53:29'),
(224,	1,	'P.URBAN MATTE BLACK CT BP',	'4473532143100',	330000,	'2020-05-05 11:53:29',	'2020-05-05 11:53:29'),
(225,	1,	'P.JOTTER SS.CT BP M',	'4485139943100',	190000,	'2020-05-05 11:53:29',	'2020-05-05 11:53:29'),
(226,	1,	'P.JOTTER SP.BLACK BP M',	'4487132143100',	105000,	'2020-05-05 11:53:29',	'2020-05-05 11:53:29'),
(227,	1,	'P.JOTTER SP.BLUE BP M',	'4487134043100',	105000,	'2020-05-05 11:53:29',	'2020-05-05 11:53:29'),
(228,	1,	'P.JOTTER SP.RED BP M',	'4487137043100',	105000,	'2020-05-05 11:53:29',	'2020-05-05 11:53:29'),
(229,	1,	'P.FRONTIER US MT.MARON FPM XXX',	'4526317541100',	530000,	'2020-05-05 11:53:29',	'2020-05-05 11:53:29'),
(230,	1,	'P.ESPRIT CHROME CT BP M XXXXX',	'774440',	610000,	'2020-05-05 11:53:29',	'2020-05-05 11:53:29'),
(231,	1,	'P.ESPRIT CHRM CT 1BP/1STLS XXX',	'774460',	630000,	'2020-05-05 11:53:29',	'2020-05-05 11:53:29'),
(232,	1,	'P.ESPRIT BLACK CT BP M XXXXX',	'774490',	610000,	'2020-05-05 11:53:29',	'2020-05-05 11:53:29'),
(233,	1,	'P.ESPRIT BLACK CT 1BP/1STLS XX',	'774510',	630000,	'2020-05-05 11:53:30',	'2020-05-05 11:53:30'),
(234,	1,	'P.ESPRIT BLUE CT BP M XXXXX',	'774540',	610000,	'2020-05-05 11:53:30',	'2020-05-05 11:53:30'),
(235,	1,	'P.INGNTY S PEARL GT M*',	'959110',	1148000,	'2020-05-05 11:53:31',	'2020-05-05 11:53:31'),
(236,	1,	'P.PREM09 DLX GOLD GT RB*',	'887950',	4376750,	'2020-05-05 11:53:31',	'2020-05-05 11:53:31'),
(237,	1,	'P.SONNET 07 BLUE CT BP*',	'808970',	484313,	'2020-05-05 11:53:31',	'2020-05-05 11:53:31'),
(238,	1,	'P.URBAN FASH.BLACK CT RB',	'836800',	147088,	'2020-05-05 11:53:31',	'2020-05-05 11:53:31'),
(239,	1,	'P.URBAN FASH.PINK CT RB',	'836860',	147088,	'2020-05-05 11:53:31',	'2020-05-05 11:53:31'),
(240,	1,	'P.URBAN FASH.SILVER CT RB',	'836820',	147088,	'2020-05-05 11:53:31',	'2020-05-05 11:53:31'),
(241,	1,	'P.URBAN SS CT RB*',	'836780',	154442,	'2020-05-05 11:53:31',	'2020-05-05 11:53:31'),
(242,	1,	'PS.FUNCTIONAL PISTON CONVERTER',	'4698219999100',	53813,	'2020-05-05 11:53:31',	'2020-05-05 11:53:31'),
(243,	1,	'P.I AM DLX.BRUSH.GUN M.CT FP M',	'856150',	243950,	'2020-05-05 11:53:31',	'2020-05-05 11:53:31'),
(244,	1,	'P.PREM09 DLX GOLD GT BP*',	'887960',	1793750,	'2020-05-05 11:53:31',	'2020-05-05 11:53:31'),
(245,	1,	'P.SONNET 07 MAT.BLK CT RB',	'818100',	627813,	'2020-05-05 11:53:31',	'2020-05-05 11:53:31'),
(246,	1,	'P.SONNET 11 M&P CT BP GB',	'947340',	609875,	'2020-05-05 11:53:32',	'2020-05-05 11:53:32'),
(247,	1,	'P.SONNET RED GT BP M.BLK TB',	'1950777',	1212575,	'2020-05-05 11:53:32',	'2020-05-05 11:53:32'),
(248,	1,	'P.URBAN MATTE BLACK CT RB',	'836680',	147088,	'2020-05-05 11:53:32',	'2020-05-05 11:53:32'),
(249,	1,	'P.URBAN PREM M.BLK RB',	'949000',	383863,	'2020-05-05 11:53:32',	'2020-05-05 11:53:32'),
(250,	1,	'P.URBAN VAC GOLDEN PRL RB',	'1906859',	383863,	'2020-05-05 11:53:32',	'2020-05-05 11:53:32'),
(251,	1,	'PS.DELUXE PISTON FL CONVERTER',	'4698119999100',	68163,	'2020-05-05 11:53:32',	'2020-05-05 11:53:32'),
(252,	1,	'P.I AM DLX.BRUSH.GP GT BP M',	'4002035643100',	222425,	'2020-05-05 11:53:32',	'2020-05-05 11:53:32'),
(253,	1,	'P.I AM LAQ.STN CRM SLV CT BP M',	'4007139943100',	150675,	'2020-05-05 11:53:32',	'2020-05-05 11:53:32'),
(254,	1,	'P.I AM PROF M BLACK GT RB M',	'14576',	229600,	'2020-05-05 11:53:32',	'2020-05-05 11:53:32'),
(255,	1,	'P.IM PEARL WHITE PLATED CT RB',	'12039',	200900,	'2020-05-05 11:53:32',	'2020-05-05 11:53:32'),
(256,	1,	'P.SONNET 07 SLM MAT.BLK CT BP*',	'818150',	484313,	'2020-05-05 11:53:32',	'2020-05-05 11:53:32'),
(257,	1,	'P.SONNET 07 SS CT BP',	'809180',	376688,	'2020-05-05 11:53:32',	'2020-05-05 11:53:32'),
(258,	1,	'P.URBAN FASH.BLUE CT RB',	'836840',	147088,	'2020-05-05 11:53:32',	'2020-05-05 11:53:32'),
(259,	1,	'P.I AM DLX.BRUSH.NP SS CT BP M',	'4002031143100',	147168,	'2020-05-05 11:53:32',	'2020-05-05 11:53:32'),
(260,	1,	'P.SONNET 07 MAT.BLK CT BP',	'818120',	504576,	'2020-05-05 11:53:32',	'2020-05-05 11:53:32'),
(261,	1,	'P.VECTOR SKIING BP M*',	'4469837242100',	5256,	'2020-05-05 11:53:32',	'2020-05-05 11:53:32'),
(262,	1,	'P.I AM LAQ.STN CRM SLV CT RB M',	'4007129999100',	200900,	'2020-05-05 11:53:32',	'2020-05-05 11:53:32');

DROP TABLE IF EXISTS `produk_atribut`;
CREATE TABLE `produk_atribut` (
  `produk_id` int(10) unsigned NOT NULL,
  `jenis_kelamin` json DEFAULT NULL,
  `warna_klip` json DEFAULT NULL,
  `fungsi` json DEFAULT NULL,
  `ukir` tinyint(4) DEFAULT NULL,
  `body` json DEFAULT NULL,
  `min_umur` tinyint(4) DEFAULT NULL,
  `max_umur` tinyint(4) DEFAULT NULL,
  `pekerjaan` json DEFAULT NULL,
  `warna` json DEFAULT NULL
) ENGINE=InnoDB DEFAULT CHARSET=utf8mb4 COLLATE=utf8mb4_unicode_ci;

INSERT INTO `produk_atribut` (`produk_id`, `jenis_kelamin`, `warna_klip`, `fungsi`, `ukir`, `body`, `min_umur`, `max_umur`, `pekerjaan`, `warna`) VALUES
(1,	'[\"pria\"]',	'[\"silver\"]',	'[\"tanda tangan\"]',	0,	'[\"besar\"]',	35,	60,	'[\"wiraswasta\", \"pengusaha\", \"penjabat\"]',	'[\"hitam\"]'),
(2,	'[\"pria\", \"wanita\"]',	'[\"silver\"]',	'[\"menulis\"]',	0,	'[\"besar\"]',	35,	60,	'[\"wiraswasta\", \"pengusaha\", \"penjabat\"]',	'[\"hitam\"]'),
(3,	'[\"pria\", \"wanita\"]',	'[\"silver\"]',	'[\"tanda tangan\"]',	1,	'[]',	17,	60,	'[\"wiraswasta\", \"mahasiswa\"]',	'[\"grey\", \"putih\"]'),
(4,	'[\"pria\", \"wanita\"]',	'[\"silver\"]',	'[\"menulis\"]',	1,	'[\"standar\"]',	25,	60,	'[\"pengusaha\", \"penjabat\", \"dosen\"]',	'[\"hitam\"]'),
(5,	'[\"pria\", \"wanita\"]',	'[\"silver\"]',	'[\"menulis\"]',	1,	'[\"standar\"]',	25,	60,	'[\"pengusaha\", \"penjabat\", \"dosen\"]',	'[\"hitam\"]'),
(6,	'[\"pria\"]',	'[\"silver\"]',	'[\"tanda tangan\"]',	1,	'[\"standar\"]',	25,	60,	'[\"pengusaha\", \"penjabat\", \"dosen\"]',	'[\"ss\"]'),
(7,	'[\"pria\", \"wanita\"]',	'[\"silver\"]',	'[\"menulis\"]',	1,	'[\"standar\"]',	25,	60,	'[\"pengusaha\", \"penjabat\", \"dosen\"]',	'[\"silver\"]'),
(8,	'[\"pria\", \"wanita\"]',	'[\"silver\"]',	'[\"menulis\"]',	1,	'[\"standar\"]',	25,	60,	'[\"pengusaha\", \"penjabat\", \"dosen\"]',	'[\"hitam\"]'),
(9,	'[\"pria\", \"wanita\"]',	'[\"silver\"]',	'[\"menulis\"]',	1,	'[\"slim\"]',	20,	60,	'[\"pengusaha\", \"penjabat\", \"dosen\"]',	'[\"hitam\"]'),
(10,	'[\"pria\", \"wanita\"]',	'[\"silver\"]',	'[\"menulis\"]',	1,	'[\"slim\"]',	20,	60,	'[\"pengusaha\", \"penjabat\", \"dosen\"]',	'[\"biru\"]'),
(11,	'[\"pria\", \"wanita\"]',	'[\"silver\"]',	'[\"menulis\"]',	1,	'[\"slim\"]',	20,	60,	'[\"pengusaha\", \"penjabat\", \"dosen\"]',	'[\"ss\"]'),
(12,	'[\"pria\"]',	'[\"silver\"]',	'[\"tanda tangan\"]',	0,	'[\"standar\"]',	17,	60,	'[\"wiraswasta\", \"mahasiswa\"]',	'[\"silver\"]'),
(13,	'[\"pria\"]',	'[\"gold\"]',	'[\"tanda tangan\"]',	0,	'[\"besar\"]',	25,	60,	'[\"pengusaha\", \"penjabat\", \"dosen\"]',	'[\"gold\"]'),
(14,	'[\"pria\", \"wanita\"]',	'[\"silver\"]',	'[\"menulis\"]',	0,	'[\"slim\"]',	17,	35,	'[\"wiraswasta\"]',	'[\"ss\"]'),
(15,	'[\"pria\", \"wanita\"]',	'[\"silver\"]',	'[\"menulis\"]',	0,	'[\"slim\"]',	17,	35,	'[\"wiraswasta\"]',	'[\"ss\"]'),
(16,	'[\"pria\", \"wanita\"]',	'[\"silver\"]',	'[\"menulis\"]',	0,	'[\"slim\"]',	17,	35,	'[\"wiraswasta\"]',	'[\"hitam\", \"ss\"]'),
(17,	'[\"pria\"]',	'[\"silver\"]',	'[\"tanda tangan\"]',	0,	'[\"standar\"]',	17,	35,	'[\"dosen\", \"mahasiswa\"]',	'[\"ss\", \"grey\"]'),
(18,	'[\"pria\", \"wanita\"]',	'[\"silver\"]',	'[\"menulis\"]',	0,	'[\"standar\"]',	17,	35,	'[\"dosen\", \"mahasiswa\"]',	'[\"ss\", \"grey\"]'),
(19,	'[\"pria\"]',	'[\"silver\"]',	'[\"tanda tangan\"]',	0,	'[\"standar\"]',	17,	35,	'[\"dosen\", \"mahasiswa\"]',	'[\"ss\"]'),
(20,	'[\"pria\", \"wanita\"]',	'[\"silver\"]',	'[\"menulis\"]',	0,	'[\"standar\"]',	17,	35,	'[\"dosen\", \"mahasiswa\"]',	'[\"ss\"]'),
(21,	'[\"pria\"]',	'[\"silver\"]',	'[\"tanda tangan\"]',	0,	'[\"standar\"]',	17,	35,	'[\"dosen\", \"mahasiswa\"]',	'[\"grey\"]'),
(22,	'[\"pria\", \"wanita\"]',	'[\"silver\"]',	'[\"menulis\"]',	0,	'[\"standar\"]',	17,	35,	'[\"dosen\"]',	'[\"grey\"]'),
(23,	'[\"pria\"]',	'[\"silver\"]',	'[\"tanda tangan\"]',	0,	'[\"standar\"]',	20,	35,	'[\"dosen\"]',	'[\"putih\"]'),
(24,	'[\"pria\", \"wanita\"]',	'[\"silver\"]',	'[\"menulis\"]',	0,	'[\"standar\"]',	20,	35,	'[\"dosen\"]',	'[\"putih\"]'),
(25,	'[\"pria\"]',	'[\"silver\"]',	'[\"tanda tangan\"]',	0,	'[\"standar\"]',	20,	35,	'[\"dosen\"]',	'[\"grey\"]'),
(26,	'[\"pria\", \"wanita\"]',	'[\"silver\"]',	'[\"menulis\"]',	0,	'[\"standar\"]',	20,	35,	'[\"dosen\"]',	'[\"grey\"]'),
(27,	'[\"pria\"]',	'[\"silver\"]',	'[\"tanda tangan\"]',	0,	'[\"standar\"]',	25,	60,	'[\"pengusaha\", \"penjabat\", \"dosen\"]',	'[\"hitam\"]'),
(28,	'[\"pria\"]',	'[\"silver\"]',	'[\"menulis\"]',	0,	'[\"standar\"]',	25,	60,	'[\"pengusaha\", \"penjabat\", \"dosen\"]',	'[\"hitam\"]'),
(29,	'[\"pria\"]',	'[\"silver\"]',	'[\"tanda tangan\"]',	0,	'[\"standar\"]',	25,	60,	'[\"pengusaha\", \"penjabat\", \"dosen\"]',	'[\"silver\"]'),
(30,	'[\"pria\", \"wanita\"]',	'[\"silver\"]',	'[\"menulis\"]',	0,	'[\"standar\"]',	25,	60,	'[\"pengusaha\", \"penjabat\", \"dosen\"]',	'[\"silver\"]'),
(31,	'[\"pria\", \"wanita\"]',	'[\"silver\"]',	'[\"menulis\"]',	0,	'[\"slim\"]',	17,	35,	'[\"wiraswasta\"]',	'[]'),
(32,	'[\"pria\", \"wanita\"]',	'[\"silver\"]',	'[\"menulis\"]',	0,	'[\"slim\"]',	17,	35,	'[\"wiraswasta\"]',	'[\"coklat\"]'),
(33,	'[\"pria\", \"wanita\"]',	'[\"silver\"]',	'[\"tanda tangan\"]',	0,	'[\"standar\"]',	25,	60,	'[\"pengusaha\", \"penjabat\", \"dosen\"]',	'[\"coklat\"]'),
(34,	'[\"pria\", \"wanita\"]',	'[\"silver\"]',	'[\"menulis\"]',	0,	'[\"standar\"]',	25,	60,	'[\"pengusaha\", \"penjabat\", \"dosen\"]',	'[\"coklat\"]'),
(35,	'[\"pria\", \"wanita\"]',	'[\"gold\"]',	'[\"menulis\"]',	1,	'[\"standar\"]',	25,	60,	'[\"pengusaha\", \"penjabat\", \"dosen\"]',	'[\"putih\"]'),
(36,	'[\"pria\"]',	'[\"limited\"]',	'[\"tanda tangan\"]',	0,	'[\"standar\"]',	20,	35,	'[\"dosen\"]',	'[\"coklat\"]'),
(37,	'[\"pria\"]',	'[\"limited\"]',	'[\"menulis\"]',	0,	'[\"standar\"]',	20,	35,	'[\"dosen\"]',	'[\"coklat\"]'),
(38,	'[\"pria\", \"wanita\"]',	'[\"limited\"]',	'[\"tanda tangan\"]',	0,	'[\"standar\"]',	20,	35,	'[\"dosen\"]',	'[\"pink\"]'),
(39,	'[\"pria\", \"wanita\"]',	'[\"limited\"]',	'[\"menulis\"]',	0,	'[\"standar\"]',	20,	35,	'[\"dosen\"]',	'[\"pink\"]'),
(40,	'[\"pria\"]',	'[\"silver\"]',	'[\"tanda tangan\"]',	0,	'[\"standar\"]',	17,	35,	'[\"wiraswasta\", \"dosen\", \"mahasiswa\"]',	'[\"hitam\"]'),
(41,	'[\"pria\", \"wanita\"]',	'[\"silver\"]',	'[\"menulis\"]',	0,	'[\"standar\"]',	17,	35,	'[\"wiraswasta\", \"dosen\", \"mahasiswa\"]',	'[\"hitam\"]'),
(42,	'[\"pria\"]',	'[\"silver\"]',	'[\"tanda tangan\"]',	0,	'[\"standar\"]',	17,	35,	'[\"wiraswasta\", \"dosen\", \"mahasiswa\"]',	'[\"coklat\"]'),
(43,	'[\"pria\", \"wanita\"]',	'[\"silver\"]',	'[\"menulis\"]',	0,	'[\"standar\"]',	17,	35,	'[\"wiraswasta\", \"dosen\", \"mahasiswa\"]',	'[\"coklat\"]'),
(44,	'[\"wanita\"]',	'[\"silver\", \"limited\"]',	'[\"tanda tangan\"]',	0,	'[\"standar\"]',	17,	35,	'[\"wiraswasta\", \"dosen\", \"mahasiswa\"]',	'[\"pink\"]'),
(45,	'[\"wanita\"]',	'[\"silver\", \"limited\"]',	'[\"menulis\"]',	0,	'[\"standar\"]',	17,	35,	'[\"wiraswasta\", \"dosen\", \"mahasiswa\"]',	'[\"pink\"]'),
(46,	'[\"pria\"]',	'[\"silver\"]',	'[\"tanda tangan\", \"menulis\"]',	1,	'[\"besar\"]',	25,	60,	'[\"pengusaha\", \"penjabat\", \"dosen\"]',	'[\"hitam\"]'),
(47,	'[\"pria\", \"wanita\"]',	'[\"gold\"]',	'[\"tanda tangan\", \"menulis\"]',	1,	'[\"besar\"]',	25,	60,	'[\"pengusaha\", \"penjabat\", \"dosen\"]',	'[\"putih\"]'),
(48,	'[\"pria\"]',	'[\"gold\"]',	'[\"tanda tangan\", \"menulis\"]',	0,	'[\"besar\"]',	25,	60,	'[\"pengusaha\", \"penjabat\", \"dosen\"]',	'[\"hitam\", \"gold\"]'),
(49,	'[\"pria\", \"wanita\"]',	'[\"gold\"]',	'[\"tanda tangan\", \"menulis\"]',	1,	'[\"besar\"]',	25,	60,	'[\"pengusaha\", \"penjabat\", \"dosen\"]',	'[\"hitam\"]'),
(50,	'[\"pria\"]',	'[\"gold\"]',	'[\"tanda tangan\", \"menulis\"]',	0,	'[\"besar\"]',	25,	60,	'[\"pengusaha\", \"penjabat\", \"dosen\"]',	'[\"hitam\", \"gold\"]'),
(51,	'[\"pria\"]',	'[\"gold\"]',	'[\"tanda tangan\", \"menulis\"]',	0,	'[\"besar\"]',	25,	60,	'[\"pengusaha\", \"penjabat\", \"dosen\"]',	'[\"coklat\"]'),
(52,	'[\"pria\"]',	'[\"gold\"]',	'[\"tanda tangan\", \"menulis\"]',	0,	'[\"besar\"]',	25,	60,	'[\"pengusaha\", \"penjabat\", \"dosen\"]',	'[]'),
(53,	'[\"pria\"]',	'[\"silver\"]',	'[\"tanda tangan\", \"menulis\"]',	1,	'[\"besar\"]',	25,	60,	'[\"pengusaha\", \"penjabat\", \"dosen\"]',	'[\"hitam\"]'),
(54,	'[\"pria\"]',	'[\"silver\"]',	'[\"tanda tangan\", \"menulis\"]',	0,	'[\"besar\"]',	25,	60,	'[\"pengusaha\", \"penjabat\", \"dosen\"]',	'[\"hitam\", \"silver\"]'),
(55,	'[\"pria\"]',	'[\"silver\"]',	'[\"tanda tangan\", \"menulis\"]',	0,	'[\"besar\"]',	25,	60,	'[\"pengusaha\", \"penjabat\", \"dosen\"]',	'[\"silver\", \"coklat\"]'),
(56,	'[\"pria\"]',	'[\"silver\"]',	'[\"tanda tangan\", \"menulis\"]',	0,	'[\"besar\"]',	25,	60,	'[\"pengusaha\", \"penjabat\", \"dosen\"]',	'[\"hitam\", \"silver\"]'),
(57,	'[\"pria\"]',	'[\"silver\"]',	'[\"tanda tangan\", \"menulis\"]',	1,	'[\"besar\"]',	25,	60,	'[\"pengusaha\", \"penjabat\", \"dosen\"]',	'[\"silver\"]'),
(58,	'[\"pria\"]',	'[\"silver\"]',	'[\"tanda tangan\", \"menulis\"]',	0,	'[\"besar\"]',	25,	60,	'[\"pengusaha\", \"penjabat\", \"dosen\"]',	'[\"hitam\", \"silver\"]'),
(59,	'[\"pria\"]',	'[\"silver\"]',	'[\"tanda tangan\", \"menulis\"]',	0,	'[\"besar\"]',	25,	60,	'[\"pengusaha\", \"penjabat\", \"dosen\"]',	'[\"silver\", \"coklat\"]'),
(60,	'[\"pria\"]',	'[\"silver\"]',	'[\"tanda tangan\", \"menulis\"]',	0,	'[\"besar\"]',	25,	60,	'[\"pengusaha\", \"penjabat\", \"dosen\"]',	'[\"hitam\", \"silver\"]'),
(61,	'[\"pria\", \"wanita\"]',	'[\"silver\"]',	'[\"menulis\"]',	1,	'[\"slim\"]',	17,	35,	'[\"wiraswasta\", \"mahasiswa\"]',	'[\"putih\"]'),
(62,	'[\"wanita\"]',	'[\"silver\"]',	'[\"menulis\"]',	1,	'[\"slim\"]',	17,	35,	'[\"wiraswasta\", \"mahasiswa\"]',	'[\"pink\"]'),
(63,	'[\"pria\", \"wanita\"]',	'[\"silver\"]',	'[\"menulis\"]',	1,	'[\"slim\"]',	17,	35,	'[\"wiraswasta\", \"mahasiswa\"]',	'[\"hijau\"]'),
(64,	'[\"pria\"]',	'[\"silver\"]',	'[\"tanda tangan\", \"menulis\"]',	1,	'[\"standar\"]',	25,	60,	'[\"pengusaha\", \"penjabat\", \"dosen\"]',	'[\"coklat\"]'),
(65,	'[\"pria\", \"wanita\"]',	'[\"gold\"]',	'[\"tanda tangan\", \"menulis\"]',	1,	'[\"standar\"]',	25,	60,	'[\"pengusaha\", \"penjabat\", \"dosen\"]',	'[\"putih\"]'),
(66,	'[\"pria\", \"wanita\"]',	'[\"silver\"]',	'[\"tanda tangan\", \"menulis\"]',	0,	'[\"standar\"]',	25,	60,	'[\"pengusaha\", \"penjabat\", \"dosen\"]',	'[\"putih\"]'),
(67,	'[\"wanita\"]',	'[\"silver\"]',	'[\"tanda tangan\", \"menulis\"]',	0,	'[\"standar\"]',	20,	35,	'[\"dosen\"]',	'[\"putih\"]'),
(68,	'[\"pria\"]',	'[\"silver\"]',	'[\"tanda tangan\", \"menulis\"]',	0,	'[\"standar\"]',	20,	35,	'[\"dosen\"]',	'[\"grey\"]'),
(69,	'[\"pria\"]',	'[\"silver\"]',	'[\"tanda tangan\", \"menulis\"]',	0,	'[\"standar\"]',	17,	35,	'[\"wiraswasta\", \"dosen\", \"mahasiswa\"]',	'[\"silver\", \"grey\"]'),
(70,	'[\"pria\"]',	'[\"silver\"]',	'[\"tanda tangan\", \"menulis\"]',	0,	'[\"standar\"]',	17,	35,	'[\"wiraswasta\", \"dosen\", \"mahasiswa\"]',	'[\"silver\"]'),
(71,	'[\"pria\"]',	'[\"gold\"]',	'[\"tanda tangan\", \"menulis\"]',	0,	'[\"standar\"]',	17,	35,	'[\"wiraswasta\", \"dosen\", \"mahasiswa\"]',	'[\"grey\"]'),
(72,	'[\"pria\"]',	'[\"gold\"]',	'[\"tanda tangan\", \"menulis\"]',	0,	'[\"besar\"]',	25,	60,	'[\"pengusaha\", \"penjabat\", \"dosen\"]',	'[\"hitam\"]'),
(73,	'[\"pria\"]',	'[\"gold\"]',	'[\"tanda tangan\", \"menulis\"]',	0,	'[\"besar\"]',	25,	60,	'[\"pengusaha\", \"penjabat\", \"dosen\"]',	'[\"hitam\", \"gold\"]'),
(74,	'[\"pria\"]',	'[\"gold\"]',	'[\"tanda tangan\", \"menulis\"]',	0,	'[\"besar\"]',	25,	60,	'[\"pengusaha\", \"penjabat\", \"dosen\"]',	'[\"gold\", \"merah\"]'),
(75,	'[\"pria\"]',	'[\"gold\"]',	'[\"tanda tangan\", \"menulis\"]',	0,	'[\"besar\"]',	25,	60,	'[\"pengusaha\", \"penjabat\", \"dosen\"]',	'[\"gold\", \"merah\"]'),
(76,	'[\"pria\", \"wanita\"]',	'[\"gold\"]',	'[\"tanda tangan\", \"menulis\"]',	1,	'[\"besar\"]',	25,	60,	'[\"pengusaha\", \"penjabat\", \"dosen\"]',	'[\"gold\", \"putih\"]'),
(77,	'[\"pria\"]',	'[\"silver\"]',	'[\"tanda tangan\", \"menulis\"]',	1,	'[\"besar\"]',	25,	60,	'[\"pengusaha\", \"penjabat\", \"dosen\"]',	'[\"grey\"]'),
(78,	'[\"pria\", \"wanita\"]',	'[\"silver\"]',	'[\"tanda tangan\"]',	1,	'[\"standar\"]',	17,	35,	'[\"wiraswasta\", \"dosen\", \"mahasiswa\"]',	'[\"merah\"]'),
(79,	'[\"pria\", \"wanita\"]',	'[\"silver\"]',	'[\"menulis\"]',	0,	'[\"standar\"]',	17,	35,	'[\"wiraswasta\", \"dosen\", \"mahasiswa\"]',	'[\"hijau\"]'),
(80,	'[\"pria\", \"wanita\"]',	'[\"silver\"]',	'[\"tanda tangan\"]',	0,	'[\"standar\"]',	17,	35,	'[\"wiraswasta\", \"dosen\", \"mahasiswa\"]',	'[\"hijau\"]'),
(81,	'[\"pria\", \"wanita\"]',	'[\"silver\"]',	'[\"menulis\"]',	0,	'[\"standar\"]',	17,	35,	'[\"wiraswasta\", \"dosen\", \"mahasiswa\"]',	'[\"pink\"]'),
(82,	'[\"pria\", \"wanita\"]',	'[\"silver\"]',	'[\"tanda tangan\"]',	0,	'[\"standar\"]',	17,	35,	'[\"wiraswasta\", \"dosen\", \"mahasiswa\"]',	'[\"pink\"]'),
(83,	'[\"pria\", \"wanita\"]',	'[\"silver\"]',	'[\"menulis\"]',	0,	'[\"standar\"]',	17,	35,	'[\"wiraswasta\", \"dosen\", \"mahasiswa\"]',	'[\"coklat\"]'),
(84,	'[\"pria\"]',	'[\"silver\"]',	'[\"tanda tangan\"]',	0,	'[\"standar\"]',	17,	35,	'[\"wiraswasta\", \"dosen\", \"mahasiswa\"]',	'[\"coklat\"]'),
(85,	'[\"wanita\"]',	'[\"gold\"]',	'[\"menulis\"]',	0,	'[\"standar\"]',	20,	35,	'[\"dosen\"]',	'[\"gold\"]'),
(86,	'[\"wanita\"]',	'[\"silver\"]',	'[\"menulis\"]',	0,	'[\"standar\"]',	20,	35,	'[\"dosen\"]',	'[\"ungu\"]'),
(87,	'[\"wanita\"]',	'[\"silver\"]',	'[\"tanda tangan\"]',	0,	'[\"standar\"]',	20,	35,	'[\"dosen\"]',	'[\"ungu\"]'),
(88,	'[\"wanita\"]',	'[\"silver\"]',	'[\"menulis\"]',	0,	'[\"standar\"]',	20,	35,	'[\"dosen\"]',	'[\"silver\"]'),
(89,	'[\"wanita\"]',	'[\"silver\"]',	'[\"tanda tangan\"]',	0,	'[\"standar\"]',	20,	35,	'[\"dosen\"]',	'[\"silver\"]'),
(90,	'[\"pria\"]',	'[\"gold\"]',	'[\"tanda tangan\"]',	0,	'[\"besar\"]',	35,	60,	'[\"wiraswasta\", \"pengusaha\", \"penjabat\"]',	'[\"putih\"]'),
(91,	'[\"pria\"]',	'[\"gold\"]',	'[\"menulis\"]',	0,	'[\"besar\"]',	35,	60,	'[\"wiraswasta\", \"pengusaha\", \"penjabat\"]',	'[\"biru\"]'),
(92,	'[\"pria\"]',	'[\"gold\"]',	'[\"tanda tangan\"]',	0,	'[\"besar\"]',	35,	60,	'[\"wiraswasta\", \"pengusaha\", \"penjabat\"]',	'[\"biru\"]'),
(93,	'[\"pria\"]',	'[\"gold\"]',	'[\"menulis\"]',	0,	'[\"besar\"]',	35,	60,	'[\"wiraswasta\", \"pengusaha\", \"penjabat\"]',	'[\"merah\"]'),
(94,	'[\"pria\"]',	'[\"gold\"]',	'[\"tanda tangan\"]',	0,	'[\"besar\"]',	35,	60,	'[\"wiraswasta\", \"pengusaha\", \"penjabat\"]',	'[\"merah\"]'),
(95,	'[\"pria\", \"wanita\"]',	'[\"silver\"]',	'[\"menulis\"]',	1,	'[\"standar\"]',	25,	60,	'[\"pengusaha\", \"penjabat\", \"dosen\"]',	'[\"biru\"]'),
(96,	'[\"pria\", \"wanita\"]',	'[\"gold\"]',	'[\"tanda tangan\"]',	1,	'[\"standar\"]',	25,	60,	'[\"pengusaha\", \"penjabat\", \"dosen\"]',	'[\"merah\"]'),
(97,	'[\"pria\", \"wanita\"]',	'[\"gold\"]',	'[\"tanda tangan\"]',	1,	'[\"standar\"]',	25,	60,	'[\"pengusaha\", \"penjabat\", \"dosen\"]',	'[\"merah\"]'),
(98,	'[\"pria\", \"wanita\"]',	'[\"gold\"]',	'[\"menulis\"]',	1,	'[\"standar\"]',	25,	60,	'[\"pengusaha\", \"penjabat\", \"dosen\"]',	'[\"hitam\"]'),
(99,	'[\"pria\"]',	'[\"gold\"]',	'[\"tanda tangan\"]',	1,	'[\"standar\"]',	25,	60,	'[\"pengusaha\", \"penjabat\", \"dosen\"]',	'[\"hitam\"]'),
(100,	'[\"pria\"]',	'[\"gold\"]',	'[\"tanda tangan\"]',	1,	'[\"standar\"]',	25,	60,	'[\"pengusaha\", \"penjabat\", \"dosen\"]',	'[\"hitam\"]'),
(101,	'[\"pria\", \"wanita\"]',	'[\"gold\"]',	'[\"menulis\"]',	1,	'[\"standar\"]',	25,	60,	'[\"pengusaha\", \"penjabat\", \"dosen\"]',	'[\"silver\"]'),
(102,	'[\"pria\"]',	'[\"gold\"]',	'[\"tanda tangan\"]',	1,	'[\"standar\"]',	25,	60,	'[\"pengusaha\", \"penjabat\", \"dosen\"]',	'[\"silver\"]'),
(103,	'[\"pria\"]',	'[\"silver\"]',	'[\"menulis\"]',	1,	'[\"standar\"]',	25,	60,	'[\"pengusaha\", \"penjabat\", \"dosen\"]',	'[\"silver\"]'),
(104,	'[\"pria\"]',	'[\"silver\"]',	'[\"tanda tangan\"]',	1,	'[\"standar\"]',	25,	60,	'[\"pengusaha\", \"penjabat\", \"dosen\"]',	'[\"silver\"]'),
(105,	'[\"pria\", \"wanita\"]',	'[\"gold\"]',	'[\"menulis\"]',	1,	'[\"standar\"]',	25,	60,	'[\"pengusaha\", \"penjabat\", \"dosen\"]',	'[\"hitam\"]'),
(106,	'[\"pria\"]',	'[\"gold\"]',	'[\"tanda tangan\"]',	1,	'[\"standar\"]',	25,	60,	'[\"pengusaha\", \"penjabat\", \"dosen\"]',	'[\"hitam\"]'),
(107,	'[\"pria\", \"wanita\"]',	'[\"silver\"]',	'[\"menulis\"]',	1,	'[\"standar\"]',	25,	60,	'[\"pengusaha\", \"penjabat\", \"dosen\"]',	'[\"hitam\"]'),
(108,	'[\"pria\"]',	'[\"silver\"]',	'[\"tanda tangan\"]',	1,	'[\"standar\"]',	25,	60,	'[\"pengusaha\", \"penjabat\", \"dosen\"]',	'[\"hitam\"]'),
(109,	'[\"wanita\"]',	'[\"silver\"]',	'[\"menulis\"]',	1,	'[\"slim\"]',	17,	35,	'[\"wiraswasta\"]',	'[\"silver\"]'),
(110,	'[\"wanita\"]',	'[\"gold\"]',	'[\"menulis\"]',	1,	'[\"slim\"]',	17,	35,	'[\"wiraswasta\"]',	'[\"silver\"]'),
(111,	'[\"wanita\"]',	'[\"gold\"]',	'[\"menulis\"]',	1,	'[\"slim\"]',	17,	35,	'[\"wiraswasta\"]',	'[\"silver\"]'),
(112,	'[\"pria\", \"wanita\"]',	'[\"silver\"]',	'[\"menulis\"]',	1,	'[\"slim\"]',	17,	35,	'[\"wiraswasta\", \"mahasiswa\"]',	'[\"hitam\", \"silver\"]'),
(113,	'[\"wanita\"]',	'[\"silver\"]',	'[\"menulis\"]',	1,	'[\"slim\"]',	17,	35,	'[\"wiraswasta\", \"mahasiswa\"]',	'[\"silver\", \"biru\"]'),
(114,	'[\"wanita\"]',	'[\"silver\"]',	'[\"menulis\"]',	1,	'[\"slim\"]',	17,	35,	'[\"wiraswasta\", \"mahasiswa\"]',	'[\"silver\", \"merah\"]'),
(115,	'[\"wanita\"]',	'[\"silver\"]',	'[\"menulis\"]',	1,	'[\"slim\"]',	17,	35,	'[\"wiraswasta\", \"mahasiswa\"]',	'[\"silver\", \"orange\"]'),
(116,	'[\"wanita\"]',	'[\"silver\"]',	'[\"menulis\"]',	1,	'[\"slim\"]',	17,	35,	'[\"wiraswasta\", \"mahasiswa\"]',	'[\"silver\", \"ungu\"]'),
(117,	'[\"wanita\"]',	'[\"silver\"]',	'[\"menulis\"]',	1,	'[\"slim\"]',	17,	35,	'[\"wiraswasta\", \"mahasiswa\"]',	'[\"silver\", \"biru\"]'),
(118,	'[\"wanita\"]',	'[\"silver\"]',	'[\"menulis\"]',	1,	'[\"slim\"]',	17,	35,	'[\"wiraswasta\", \"mahasiswa\"]',	'[\"silver\", \"ungu\"]'),
(119,	'[\"wanita\"]',	'[\"silver\"]',	'[\"menulis\"]',	1,	'[\"slim\"]',	17,	35,	'[\"wiraswasta\"]',	'[\"grey\"]'),
(120,	'[\"wanita\"]',	'[\"silver\"]',	'[\"menulis\"]',	0,	'[\"slim\"]',	17,	35,	'[\"wiraswasta\"]',	'[\"coklat\"]'),
(121,	'[\"wanita\"]',	'[\"silver\"]',	'[\"menulis\"]',	1,	'[\"standar\"]',	20,	35,	'[\"dosen\"]',	'[\"pink\"]'),
(122,	'[\"pria\", \"wanita\"]',	'[\"silver\"]',	'[\"menulis\"]',	1,	'[\"standar\"]',	20,	35,	'[\"dosen\"]',	'[\"hitam\"]'),
(123,	'[\"pria\", \"wanita\"]',	'[\"silver\"]',	'[\"menulis\"]',	1,	'[\"standar\"]',	20,	35,	'[\"dosen\"]',	'[\"silver\"]'),
(124,	'[\"pria\", \"wanita\"]',	'[\"silver\"]',	'[\"menulis\"]',	1,	'[\"standar\"]',	20,	35,	'[\"dosen\"]',	'[\"hitam\"]'),
(125,	'[\"pria\", \"wanita\"]',	'[\"gold\"]',	'[\"menulis\"]',	1,	'[\"standar\"]',	20,	35,	'[\"dosen\"]',	'[\"hitam\"]'),
(126,	'[\"pria\", \"wanita\"]',	'[\"silver\"]',	'[\"menulis\"]',	1,	'[\"standar\"]',	20,	35,	'[\"dosen\"]',	'[\"biru\"]'),
(127,	'[\"pria\"]',	'[\"silver\"]',	'[\"menulis\"]',	0,	'[\"standar\"]',	20,	35,	'[\"dosen\"]',	'[\"grey\"]'),
(128,	'[\"pria\"]',	'[\"silver\"]',	'[\"menulis\"]',	1,	'[\"standar\"]',	20,	35,	'[\"dosen\"]',	'[\"biru\"]'),
(129,	'[\"wanita\"]',	'[\"silver\"]',	'[\"menulis\"]',	1,	'[\"standar\"]',	20,	35,	'[\"dosen\"]',	'[\"silver\"]'),
(130,	'[\"wanita\"]',	'[\"silver\"]',	'[\"menulis\"]',	1,	'[\"standar\"]',	20,	35,	'[\"dosen\"]',	'[\"ungu\"]'),
(131,	'[\"wanita\"]',	'[\"silver\"]',	'[\"menulis\"]',	1,	'[\"standar\"]',	20,	35,	'[\"dosen\"]',	'[\"orange\"]'),
(132,	'[\"wanita\"]',	'[\"gold\"]',	'[\"menulis\"]',	1,	'[\"standar\"]',	20,	35,	'[\"dosen\"]',	'[\"silver\", \"gold\"]'),
(133,	'[\"wanita\"]',	'[\"silver\"]',	'[\"tanda tangan\"]',	1,	'[\"standar\"]',	20,	35,	'[\"dosen\"]',	'[\"pink\"]'),
(134,	'[\"pria\"]',	'[\"silver\"]',	'[\"tanda tangan\"]',	1,	'[\"standar\"]',	20,	35,	'[\"dosen\"]',	'[\"hitam\"]'),
(135,	'[\"pria\"]',	'[\"silver\"]',	'[\"tanda tangan\"]',	1,	'[\"standar\"]',	20,	35,	'[\"dosen\"]',	'[\"silver\"]'),
(136,	'[\"wanita\"]',	'[\"silver\"]',	'[\"tanda tangan\"]',	1,	'[\"standar\"]',	20,	35,	'[\"dosen\"]',	'[\"hitam\"]'),
(137,	'[\"pria\"]',	'[\"gold\"]',	'[\"tanda tangan\"]',	1,	'[\"standar\"]',	20,	35,	'[\"dosen\"]',	'[\"hitam\"]'),
(138,	'[\"pria\", \"wanita\"]',	'[\"silver\"]',	'[\"tanda tangan\"]',	1,	'[\"standar\"]',	20,	35,	'[\"dosen\"]',	'[\"biru\"]'),
(139,	'[\"pria\"]',	'[\"silver\"]',	'[\"tanda tangan\"]',	0,	'[\"standar\"]',	20,	35,	'[\"dosen\"]',	'[\"grey\"]'),
(140,	'[\"pria\", \"wanita\"]',	'[\"silver\"]',	'[\"tanda tangan\"]',	1,	'[\"standar\"]',	20,	35,	'[\"dosen\"]',	'[\"grey\"]'),
(141,	'[\"pria\", \"wanita\"]',	'[\"silver\"]',	'[\"tanda tangan\"]',	1,	'[\"standar\"]',	20,	35,	'[\"dosen\"]',	'[\"silver\"]'),
(142,	'[\"wanita\"]',	'[\"silver\"]',	'[\"tanda tangan\"]',	1,	'[\"standar\"]',	20,	35,	'[\"dosen\"]',	'[\"ungu\"]'),
(143,	'[\"wanita\"]',	'[\"silver\"]',	'[\"tanda tangan\"]',	1,	'[\"standar\"]',	20,	35,	'[\"dosen\"]',	'[\"orange\"]'),
(144,	'[\"pria\", \"wanita\"]',	'[\"gold\"]',	'[\"tanda tangan\"]',	1,	'[\"standar\"]',	20,	35,	'[\"dosen\"]',	'[\"silver\", \"gold\"]'),
(145,	'[\"pria\"]',	'[\"silver\"]',	'[\"tanda tangan\"]',	1,	'[\"standar\"]',	17,	35,	'[\"dosen\"]',	'[\"hitam\"]'),
(146,	'[\"pria\"]',	'[\"gold\"]',	'[\"tanda tangan\"]',	1,	'[\"standar\"]',	17,	35,	'[\"wiraswasta\", \"dosen\", \"mahasiswa\"]',	'[\"hitam\"]'),
(147,	'[\"pria\", \"wanita\"]',	'[\"silver\"]',	'[\"tanda tangan\"]',	1,	'[\"standar\"]',	17,	35,	'[\"wiraswasta\", \"dosen\", \"mahasiswa\"]',	'[\"biru\"]'),
(148,	'[\"pria\", \"wanita\"]',	'[\"gold\"]',	'[\"tanda tangan\"]',	1,	'[\"standar\"]',	17,	35,	'[\"wiraswasta\", \"dosen\", \"mahasiswa\"]',	'[\"silver\", \"gold\"]'),
(149,	'[\"pria\"]',	'[\"silver\"]',	'[\"tanda tangan\"]',	1,	'[\"standar\"]',	17,	35,	'[\"wiraswasta\", \"dosen\", \"mahasiswa\"]',	'[\"grey\"]'),
(150,	'[\"wanita\"]',	'[\"silver\"]',	'[\"tanda tangan\"]',	1,	'[\"standar\"]',	17,	35,	'[\"wiraswasta\", \"dosen\", \"mahasiswa\"]',	'[\"ungu\"]'),
(151,	'[\"pria\"]',	'[\"silver\"]',	'[\"tanda tangan\"]',	1,	'[\"standar\"]',	17,	35,	'[\"wiraswasta\", \"dosen\", \"mahasiswa\"]',	'[\"biru\"]'),
(152,	'[\"pria\", \"wanita\"]',	'[\"silver\"]',	'[\"tanda tangan\"]',	1,	'[\"standar\"]',	17,	35,	'[\"wiraswasta\", \"dosen\", \"mahasiswa\"]',	'[\"putih\"]'),
(153,	'[\"pria\"]',	'[\"silver\"]',	'[\"tanda tangan\"]',	0,	'[\"standar\"]',	17,	35,	'[\"wiraswasta\", \"dosen\", \"mahasiswa\"]',	'[\"grey\"]'),
(154,	'[\"wanita\"]',	'[\"silver\"]',	'[\"tanda tangan\"]',	0,	'[\"standar\"]',	17,	35,	'[\"wiraswasta\", \"dosen\", \"mahasiswa\"]',	'[\"ungu\"]'),
(155,	'[\"pria\", \"wanita\"]',	'[\"silver\"]',	'[\"tanda tangan\"]',	0,	'[\"standar\"]',	17,	35,	'[\"wiraswasta\", \"dosen\", \"mahasiswa\"]',	'[\"coklat\"]'),
(156,	'[\"wanita\"]',	'[\"silver\"]',	'[\"tanda tangan\"]',	0,	'[\"standar\"]',	17,	35,	'[\"wiraswasta\", \"dosen\", \"mahasiswa\"]',	'[\"hijau\"]'),
(157,	'[\"pria\", \"wanita\"]',	'[\"gold\"]',	'[\"tanda tangan\"]',	0,	'[\"standar\"]',	17,	35,	'[\"wiraswasta\", \"dosen\", \"mahasiswa\"]',	'[\"gold\"]'),
(158,	'[\"pria\", \"wanita\"]',	'[\"gold\"]',	'[\"tanda tangan\"]',	1,	'[\"standar\"]',	17,	35,	'[\"wiraswasta\", \"dosen\", \"mahasiswa\"]',	'[\"hitam\"]'),
(159,	'[\"pria\"]',	'[\"silver\"]',	'[\"tanda tangan\"]',	0,	'[\"standar\"]',	17,	35,	'[\"wiraswasta\", \"dosen\", \"mahasiswa\"]',	'[\"biru\"]'),
(160,	'[\"pria\", \"wanita\"]',	'[\"silver\"]',	'[\"menulis\"]',	1,	'[\"standar\"]',	17,	35,	'[\"wiraswasta\", \"dosen\", \"mahasiswa\"]',	'[\"hitam\"]'),
(161,	'[\"pria\", \"wanita\"]',	'[\"gold\"]',	'[\"menulis\"]',	1,	'[\"standar\"]',	17,	35,	'[\"wiraswasta\", \"dosen\", \"mahasiswa\"]',	'[\"hitam\"]'),
(162,	'[\"pria\", \"wanita\"]',	'[\"silver\"]',	'[\"menulis\"]',	1,	'[\"standar\"]',	17,	35,	'[\"wiraswasta\", \"dosen\", \"mahasiswa\"]',	'[\"biru\"]'),
(163,	'[\"pria\", \"wanita\"]',	'[\"gold\"]',	'[\"menulis\"]',	1,	'[\"standar\"]',	17,	35,	'[\"wiraswasta\", \"dosen\", \"mahasiswa\"]',	'[\"silver\", \"gold\"]'),
(164,	'[\"pria\", \"wanita\"]',	'[\"silver\"]',	'[\"menulis\"]',	1,	'[\"standar\"]',	17,	35,	'[\"wiraswasta\", \"dosen\", \"mahasiswa\"]',	'[\"grey\"]'),
(165,	'[\"wanita\"]',	'[\"silver\"]',	'[\"menulis\"]',	1,	'[\"standar\"]',	17,	35,	'[\"wiraswasta\", \"dosen\", \"mahasiswa\"]',	'[\"ungu\"]'),
(166,	'[\"pria\", \"wanita\"]',	'[\"silver\"]',	'[\"menulis\"]',	1,	'[\"standar\"]',	17,	35,	'[\"wiraswasta\", \"dosen\", \"mahasiswa\"]',	'[\"biru\"]'),
(167,	'[\"wanita\"]',	'[\"silver\"]',	'[\"menulis\"]',	1,	'[\"standar\"]',	17,	35,	'[\"wiraswasta\", \"dosen\", \"mahasiswa\"]',	'[\"putih\"]'),
(168,	'[\"pria\", \"wanita\"]',	'[\"silver\"]',	'[\"menulis\"]',	1,	'[\"standar\"]',	17,	35,	'[\"wiraswasta\", \"dosen\", \"mahasiswa\"]',	'[\"grey\"]'),
(169,	'[\"wanita\"]',	'[\"silver\"]',	'[\"menulis\"]',	1,	'[\"standar\"]',	17,	35,	'[\"wiraswasta\", \"dosen\", \"mahasiswa\"]',	'[\"ungu\"]'),
(170,	'[\"pria\", \"wanita\"]',	'[\"silver\"]',	'[\"menulis\"]',	0,	'[\"standar\"]',	17,	35,	'[\"wiraswasta\", \"dosen\", \"mahasiswa\"]',	'[\"coklat\"]'),
(171,	'[\"pria\", \"wanita\"]',	'[\"silver\"]',	'[\"menulis\"]',	0,	'[\"standar\"]',	17,	35,	'[\"wiraswasta\", \"dosen\", \"mahasiswa\"]',	'[\"hijau\"]'),
(172,	'[\"wanita\"]',	'[\"gold\"]',	'[\"menulis\"]',	0,	'[\"standar\"]',	17,	35,	'[\"wiraswasta\", \"dosen\", \"mahasiswa\"]',	'[\"gold\"]'),
(173,	'[\"pria\", \"wanita\"]',	'[\"gold\"]',	'[\"menulis\"]',	0,	'[\"standar\"]',	17,	35,	'[\"wiraswasta\", \"dosen\", \"mahasiswa\"]',	'[\"hitam\"]'),
(174,	'[\"pria\", \"wanita\"]',	'[\"silver\"]',	'[\"menulis\"]',	0,	'[\"standar\"]',	17,	35,	'[\"wiraswasta\", \"dosen\", \"mahasiswa\"]',	'[\"biru\"]'),
(175,	'[\"wanita\"]',	'[\"silver\"]',	'[\"tanda tangan\"]',	0,	'[\"standar\"]',	17,	35,	'[\"wiraswasta\", \"mahasiswa\"]',	'[\"ungu\"]'),
(176,	'[\"wanita\"]',	'[\"silver\"]',	'[\"menulis\"]',	0,	'[\"standar\"]',	17,	35,	'[\"wiraswasta\", \"mahasiswa\"]',	'[\"ungu\"]'),
(177,	'[\"wanita\"]',	'[\"silver\"]',	'[\"tanda tangan\"]',	0,	'[\"standar\"]',	17,	35,	'[\"wiraswasta\", \"mahasiswa\"]',	'[\"biru\", \"hijau\"]'),
(178,	'[\"wanita\"]',	'[\"silver\"]',	'[\"menulis\"]',	0,	'[\"standar\"]',	17,	35,	'[\"wiraswasta\", \"mahasiswa\"]',	'[\"biru\", \"hijau\"]'),
(179,	'[\"pria\", \"wanita\"]',	'[\"silver\"]',	'[\"menulis\"]',	0,	'[\"slim\"]',	17,	35,	'[\"wiraswasta\", \"mahasiswa\"]',	'[\"coklat\"]'),
(180,	'[\"pria\", \"wanita\"]',	'[\"silver\"]',	'[\"menulis\"]',	0,	'[\"slim\"]',	17,	35,	'[\"wiraswasta\", \"mahasiswa\"]',	'[\"merah\"]'),
(181,	'[\"pria\", \"wanita\"]',	'[\"silver\"]',	'[\"menulis\"]',	0,	'[\"slim\"]',	17,	35,	'[\"wiraswasta\", \"mahasiswa\"]',	'[]'),
(182,	'[\"pria\", \"wanita\"]',	'[\"silver\"]',	'[\"menulis\"]',	0,	'[\"slim\"]',	17,	35,	'[\"wiraswasta\", \"mahasiswa\"]',	'[\"hitam\"]'),
(183,	'[\"wanita\"]',	'[\"silver\"]',	'[\"menulis\"]',	1,	'[\"slim\"]',	17,	35,	'[\"wiraswasta\", \"mahasiswa\"]',	'[\"silver\", \"pink\"]'),
(184,	'[\"wanita\"]',	'[\"silver\"]',	'[\"menulis\"]',	1,	'[\"slim\"]',	17,	35,	'[\"wiraswasta\", \"mahasiswa\"]',	'[\"silver\", \"biru\"]'),
(185,	'[\"wanita\"]',	'[\"silver\"]',	'[\"menulis\"]',	1,	'[\"slim\"]',	17,	35,	'[\"wiraswasta\", \"mahasiswa\"]',	'[\"silver\", \"orange\"]'),
(186,	'[\"wanita\"]',	'[\"silver\"]',	'[\"menulis\"]',	1,	'[\"slim\"]',	17,	35,	'[\"wiraswasta\", \"mahasiswa\"]',	'[\"silver\", \"kuning\"]'),
(187,	'[\"wanita\"]',	'[\"silver\"]',	'[\"menulis\"]',	1,	'[\"slim\"]',	17,	35,	'[\"wiraswasta\", \"mahasiswa\"]',	'[\"silver\", \"hijau\"]'),
(188,	'[\"pria\", \"wanita\"]',	'[\"gold\"]',	'[\"menulis\"]',	1,	'[\"standar\"]',	17,	35,	'[\"wiraswasta\", \"dosen\", \"mahasiswa\"]',	'[\"silver\", \"gold\"]'),
(189,	'[\"pria\", \"wanita\"]',	'[\"silver\"]',	'[\"tanda tangan\"]',	1,	'[\"standar\"]',	17,	35,	'[\"wiraswasta\", \"dosen\", \"mahasiswa\"]',	'[\"biru\"]'),
(190,	'[\"pria\"]',	'[\"gold\"]',	'[\"tanda tangan\"]',	0,	'[\"besar\"]',	35,	60,	'[\"wiraswasta\", \"pengusaha\", \"penjabat\"]',	'[\"hitam\"]'),
(191,	'[\"pria\"]',	'[\"gold\"]',	'[\"tanda tangan\"]',	0,	'[\"besar\"]',	35,	60,	'[\"wiraswasta\", \"pengusaha\", \"penjabat\"]',	'[\"hitam\"]'),
(192,	'[\"pria\"]',	'[\"silver\"]',	'[\"menulis\"]',	1,	'[\"standar\"]',	25,	60,	'[\"pengusaha\", \"penjabat\", \"dosen\"]',	'[\"ss\"]'),
(193,	'[\"pria\"]',	'[\"silver\"]',	'[\"menulis\"]',	0,	'[\"standar\"]',	25,	60,	'[\"pengusaha\", \"penjabat\", \"dosen\"]',	'[\"biru\"]'),
(194,	'[\"pria\"]',	'[\"silver\"]',	'[\"tanda tangan\"]',	0,	'[\"standar\"]',	25,	60,	'[\"pengusaha\", \"penjabat\", \"dosen\"]',	'[\"biru\"]'),
(195,	'[\"pria\"]',	'[\"silver\"]',	'[\"menulis\"]',	0,	'[\"standar\"]',	25,	60,	'[\"pengusaha\", \"penjabat\", \"dosen\"]',	'[\"hitam\"]'),
(196,	'[\"pria\"]',	'[\"silver\"]',	'[\"menulis\"]',	0,	'[\"standar\"]',	25,	60,	'[\"pengusaha\", \"penjabat\", \"dosen\"]',	'[\"biru\"]'),
(197,	'[\"pria\"]',	'[\"gold\"]',	'[\"menulis\"]',	0,	'[\"standar\"]',	25,	60,	'[\"pengusaha\", \"penjabat\", \"dosen\"]',	'[\"silver\"]'),
(198,	'[\"pria\"]',	'[\"gold\"]',	'[\"tanda tangan\"]',	0,	'[\"besar\"]',	35,	60,	'[\"wiraswasta\", \"pengusaha\", \"penjabat\"]',	'[\"biru\"]'),
(199,	'[\"pria\"]',	'[\"gold\"]',	'[\"tanda tangan\"]',	0,	'[\"besar\"]',	35,	60,	'[\"wiraswasta\", \"pengusaha\", \"penjabat\"]',	'[\"biru\"]'),
(200,	'[\"pria\"]',	'[\"gold\"]',	'[\"tanda tangan\"]',	0,	'[\"besar\"]',	36,	60,	'[\"wiraswasta\", \"pengusaha\", \"penjabat\"]',	'[\"grey\"]'),
(201,	'[\"pria\"]',	'[\"gold\"]',	'[\"menulis\"]',	0,	'[\"besar\"]',	37,	60,	'[\"wiraswasta\", \"pengusaha\", \"penjabat\"]',	'[\"hitam\"]'),
(202,	'[\"pria\"]',	'[\"silver\"]',	'[\"tanda tangan\"]',	0,	'[\"besar\"]',	38,	60,	'[\"wiraswasta\", \"pengusaha\", \"penjabat\"]',	'[\"hitam\"]'),
(203,	'[\"pria\"]',	'[\"silver\"]',	'[\"tanda tangan\"]',	0,	'[\"besar\"]',	39,	60,	'[\"wiraswasta\", \"pengusaha\", \"penjabat\"]',	'[\"grey\"]'),
(204,	'[\"pria\"]',	'[\"silver\"]',	'[\"tanda tangan\"]',	0,	'[\"besar\"]',	40,	60,	'[\"wiraswasta\", \"pengusaha\", \"penjabat\"]',	'[\"hitam\", \"biru\"]'),
(205,	'[\"pria\"]',	'[\"silver\"]',	'[\"tanda tangan\"]',	0,	'[\"besar\"]',	41,	60,	'[\"wiraswasta\", \"pengusaha\", \"penjabat\"]',	'[\"silver\", \"grey\"]'),
(206,	'[]',	'[\"silver\"]',	'[\"menulis\"]',	1,	'[\"slim\"]',	42,	60,	'[\"wiraswasta\", \"pengusaha\", \"penjabat\"]',	'[\"biru\"]'),
(207,	'[\"pria\", \"wanita\"]',	'[\"silver\"]',	'[\"menulis\"]',	1,	'[\"standar\"]',	43,	60,	'[\"wiraswasta\", \"pengusaha\", \"penjabat\"]',	'[\"biru\"]'),
(208,	'[\"pria\"]',	'[\"silver\"]',	'[\"tanda tangan\"]',	1,	'[\"standar\"]',	17,	35,	'[\"wiraswasta\", \"mahasiswa\"]',	'[\"silver\"]'),
(209,	'[\"pria\"]',	'[\"silver\"]',	'[\"tanda tangan\"]',	1,	'[\"standar\"]',	17,	35,	'[\"wiraswasta\", \"mahasiswa\"]',	'[\"silver\"]'),
(210,	'[\"pria\", \"wanita\"]',	'[\"silver\"]',	'[\"tanda tangan\"]',	1,	'[\"standar\"]',	17,	35,	'[\"wiraswasta\", \"mahasiswa\"]',	'[\"silver\"]'),
(211,	'[\"pria\", \"wanita\"]',	'[\"silver\"]',	'[\"menulis\"]',	1,	'[\"standar\"]',	17,	35,	'[\"wiraswasta\", \"mahasiswa\"]',	'[\"silver\"]'),
(212,	'[\"pria\"]',	'[\"silver\"]',	'[\"tanda tangan\"]',	0,	'[\"standar\"]',	17,	35,	'[\"wiraswasta\", \"mahasiswa\"]',	'[\"putih\"]'),
(213,	'[\"pria\", \"wanita\"]',	'[\"silver\"]',	'[\"tanda tangan\"]',	0,	'[\"standar\"]',	17,	35,	'[\"wiraswasta\", \"mahasiswa\"]',	'[\"putih\"]'),
(214,	'[\"pria\", \"wanita\"]',	'[\"silver\"]',	'[\"tanda tangan\"]',	0,	'[\"standar\"]',	17,	35,	'[\"wiraswasta\", \"mahasiswa\"]',	'[\"hitam\"]'),
(215,	'[\"pria\", \"wanita\"]',	'[\"silver\"]',	'[\"tanda tangan\"]',	0,	'[\"standar\"]',	17,	35,	'[\"wiraswasta\", \"mahasiswa\"]',	'[\"biru\"]'),
(216,	'[\"pria\", \"wanita\"]',	'[\"silver\"]',	'[\"tanda tangan\"]',	0,	'[\"standar\"]',	17,	35,	'[\"wiraswasta\", \"mahasiswa\"]',	'[\"merah\"]'),
(217,	'[\"pria\", \"wanita\"]',	'[\"silver\"]',	'[\"menulis\"]',	0,	'[\"standar\"]',	17,	35,	'[\"wiraswasta\", \"mahasiswa\"]',	'[\"putih\"]'),
(218,	'[\"pria\", \"wanita\"]',	'[\"silver\"]',	'[\"menulis\"]',	0,	'[\"standar\"]',	17,	35,	'[\"wiraswasta\", \"mahasiswa\"]',	'[\"hitam\"]'),
(219,	'[\"pria\", \"wanita\"]',	'[\"silver\"]',	'[\"menulis\"]',	0,	'[\"standar\"]',	17,	35,	'[\"wiraswasta\", \"mahasiswa\"]',	'[\"biru\"]'),
(220,	'[\"pria\", \"wanita\"]',	'[\"silver\"]',	'[\"menulis\"]',	0,	'[\"standar\"]',	17,	35,	'[\"wiraswasta\", \"mahasiswa\"]',	'[\"merah\"]'),
(221,	'[\"pria\", \"wanita\"]',	'[\"silver\"]',	'[\"menulis\"]',	0,	'[\"standar\"]',	17,	35,	'[\"wiraswasta\", \"mahasiswa\"]',	'[\"putih\"]'),
(222,	'[\"pria\"]',	'[\"silver\"]',	'[\"tanda tangan\"]',	0,	'[\"standar\"]',	17,	35,	'[\"wiraswasta\", \"mahasiswa\"]',	'[\"putih\"]'),
(223,	'[\"pria\"]',	'[\"silver\"]',	'[\"menulis\"]',	0,	'[\"standar\"]',	17,	35,	'[\"wiraswasta\", \"mahasiswa\"]',	'[\"putih\"]'),
(224,	'[\"pria\"]',	'[\"silver\"]',	'[\"menulis\"]',	1,	'[\"standar\"]',	20,	35,	'[\"dosen\"]',	'[\"hitam\"]'),
(225,	'[\"pria\", \"wanita\"]',	'[\"silver\"]',	'[\"menulis\"]',	1,	'[\"slim\"]',	17,	35,	'[\"wiraswasta\", \"mahasiswa\"]',	'[\"silver\"]'),
(226,	'[\"pria\", \"wanita\"]',	'[\"silver\"]',	'[\"menulis\"]',	1,	'[\"slim\"]',	17,	35,	'[\"wiraswasta\", \"mahasiswa\"]',	'[\"hitam\", \"silver\"]'),
(227,	'[\"pria\", \"wanita\"]',	'[\"silver\"]',	'[\"menulis\"]',	1,	'[\"slim\"]',	17,	35,	'[\"wiraswasta\", \"mahasiswa\"]',	'[\"silver\", \"biru\"]'),
(228,	'[\"pria\", \"wanita\"]',	'[\"silver\"]',	'[\"menulis\"]',	1,	'[\"slim\"]',	17,	35,	'[\"wiraswasta\", \"mahasiswa\"]',	'[\"silver\", \"merah\"]'),
(229,	'[\"pria\"]',	'[\"silver\"]',	'[\"tanda tangan\"]',	0,	'[\"besar\"]',	35,	60,	'[\"pengusaha\", \"penjabat\", \"dosen\"]',	'[\"merah\"]'),
(230,	'[\"pria\", \"wanita\"]',	'[\"silver\"]',	'[\"menulis\"]',	0,	'[\"standar\"]',	17,	35,	'[\"wiraswasta\", \"mahasiswa\"]',	'[\"silver\"]'),
(231,	'[\"pria\", \"wanita\"]',	'[\"silver\"]',	'[\"menulis\"]',	0,	'[\"standar\"]',	18,	35,	'[\"wiraswasta\", \"mahasiswa\"]',	'[\"silver\"]'),
(232,	'[\"pria\", \"wanita\"]',	'[\"silver\"]',	'[\"menulis\"]',	0,	'[\"standar\"]',	19,	35,	'[\"wiraswasta\", \"mahasiswa\"]',	'[\"hitam\"]'),
(233,	'[\"pria\", \"wanita\"]',	'[\"silver\"]',	'[\"menulis\"]',	0,	'[\"standar\"]',	20,	35,	'[\"wiraswasta\", \"mahasiswa\"]',	'[\"hitam\"]'),
(234,	'[\"pria\", \"wanita\"]',	'[\"silver\"]',	'[\"menulis\"]',	0,	'[\"standar\"]',	21,	35,	'[\"wiraswasta\", \"mahasiswa\"]',	'[\"biru\"]');

DROP TABLE IF EXISTS `produk_order`;
CREATE TABLE `produk_order` (
  `user_id` int(10) unsigned NOT NULL,
  `order` json DEFAULT NULL
) ENGINE=InnoDB DEFAULT CHARSET=utf8mb4 COLLATE=utf8mb4_unicode_ci;


DROP TABLE IF EXISTS `toko`;
CREATE TABLE `toko` (
  `id` bigint(20) unsigned NOT NULL AUTO_INCREMENT,
  `nama` varchar(255) COLLATE utf8mb4_unicode_ci NOT NULL,
  `kode` varchar(255) COLLATE utf8mb4_unicode_ci NOT NULL,
  `alamat` longtext COLLATE utf8mb4_unicode_ci,
  `created_at` timestamp NULL DEFAULT NULL,
  `updated_at` timestamp NULL DEFAULT NULL,
  PRIMARY KEY (`id`)
) ENGINE=InnoDB DEFAULT CHARSET=utf8mb4 COLLATE=utf8mb4_unicode_ci;

INSERT INTO `toko` (`id`, `nama`, `kode`, `alamat`, `created_at`, `updated_at`) VALUES
(1,	'Gramedia TP',	'P063',	'Jl. Basuki Rahmat No.8-12, Kedungdoro, Kec. Tegalsari, Kota SBY, Jawa Timur 60261',	'2020-05-05 11:53:12',	'2020-05-05 11:53:12'),
(2,	'Gramedia Ciputra',	'P013',	'Ciputra World, Jl. Mayjen Sungkono No.89, Gunung Sari, Dukuhpakis, Surabaya City, East Java 60224',	'2020-05-05 11:53:12',	'2020-05-05 11:53:12'),
(3,	'Gramedia Royal',	'P055',	'Royal Plaza Lt. UG No. E6, Jl. Ahmad Yani No.16, Wonokromo, Kec. Wonokromo, Kota SBY, Jawa Timur 60243',	'2020-05-05 11:53:12',	'2020-05-05 11:53:12'),
(4,	'Gramedia Expo',	'P059',	'Jl. Basuki Rahmat No.93-105, Genteng, Kec. Tegalsari, Kota SBY, Jawa Timur 60271',	'2020-05-05 11:53:12',	'2020-05-05 11:53:12'),
(5,	'Gunung Agung Galaxy Mall',	'P070',	'Galaxy Mall 2 Lt. 4, Jl. Dr. Ir. H. Soekarno No.35-39, Mulyorejo, Surabaya City, East Java 60115',	'2020-05-05 11:53:12',	'2020-05-05 11:53:12'),
(6,	'Gramedia Manyar',	'P037',	'Jl. Manyar Kertoarjo No.16, Manyar Sabrangan, Kec. Mulyorejo, Kota SBY, Jawa Timur 60116',	'2020-05-05 11:53:12',	'2020-05-05 11:53:12'),
(7,	'Gramedia PTC',	'P098',	'Pakuwon Mall, Jl. Mayjen Yono Suwoyo No.2, Babatan, Kec. Wiyung, Kota SBY, Jawa Timur 60227',	'2020-05-05 11:53:12',	'2020-05-05 11:53:12');

DROP TABLE IF EXISTS `toko_produk`;
CREATE TABLE `toko_produk` (
  `toko_id` int(10) unsigned NOT NULL,
  `produk_id` int(10) unsigned NOT NULL,
  `stok` int(11) DEFAULT NULL,
  `created_at` timestamp NULL DEFAULT NULL,
  `updated_at` timestamp NULL DEFAULT NULL
) ENGINE=InnoDB DEFAULT CHARSET=utf8mb4 COLLATE=utf8mb4_unicode_ci;

INSERT INTO `toko_produk` (`toko_id`, `produk_id`, `stok`, `created_at`, `updated_at`) VALUES
(1,	1,	1,	NULL,	NULL),
(2,	1,	1,	NULL,	NULL),
(3,	1,	1,	NULL,	NULL),
(4,	1,	1,	NULL,	NULL),
(5,	1,	1,	NULL,	NULL),
(6,	1,	1,	NULL,	NULL),
(7,	1,	1,	NULL,	NULL),
(1,	2,	1,	NULL,	NULL),
(2,	2,	1,	NULL,	NULL),
(3,	2,	1,	NULL,	NULL),
(4,	2,	1,	NULL,	NULL),
(5,	2,	1,	NULL,	NULL),
(6,	2,	1,	NULL,	NULL),
(7,	2,	1,	NULL,	NULL),
(1,	3,	2,	NULL,	NULL),
(2,	3,	2,	NULL,	NULL),
(3,	3,	2,	NULL,	NULL),
(4,	3,	2,	NULL,	NULL),
(5,	3,	2,	NULL,	NULL),
(6,	3,	2,	NULL,	NULL),
(7,	3,	2,	NULL,	NULL),
(1,	4,	0,	NULL,	NULL),
(2,	4,	0,	NULL,	NULL),
(3,	4,	0,	NULL,	NULL),
(4,	4,	0,	NULL,	NULL),
(5,	4,	0,	NULL,	NULL),
(6,	4,	0,	NULL,	NULL),
(7,	4,	0,	NULL,	NULL),
(1,	5,	0,	NULL,	NULL),
(2,	5,	0,	NULL,	NULL),
(3,	5,	0,	NULL,	NULL),
(4,	5,	0,	NULL,	NULL),
(5,	5,	0,	NULL,	NULL),
(6,	5,	0,	NULL,	NULL),
(7,	5,	0,	NULL,	NULL),
(1,	6,	0,	NULL,	NULL),
(2,	6,	0,	NULL,	NULL),
(3,	6,	0,	NULL,	NULL),
(4,	6,	0,	NULL,	NULL),
(5,	6,	0,	NULL,	NULL),
(6,	6,	0,	NULL,	NULL),
(7,	6,	0,	NULL,	NULL),
(1,	7,	0,	NULL,	NULL),
(2,	7,	0,	NULL,	NULL),
(3,	7,	0,	NULL,	NULL),
(4,	7,	0,	NULL,	NULL),
(5,	7,	0,	NULL,	NULL),
(6,	7,	0,	NULL,	NULL),
(7,	7,	0,	NULL,	NULL),
(1,	8,	1,	NULL,	NULL),
(2,	8,	1,	NULL,	NULL),
(3,	8,	1,	NULL,	NULL),
(4,	8,	1,	NULL,	NULL),
(5,	8,	1,	NULL,	NULL),
(6,	8,	1,	NULL,	NULL),
(7,	8,	1,	NULL,	NULL),
(1,	9,	0,	NULL,	NULL),
(2,	9,	0,	NULL,	NULL),
(3,	9,	0,	NULL,	NULL),
(4,	9,	0,	NULL,	NULL),
(5,	9,	0,	NULL,	NULL),
(6,	9,	0,	NULL,	NULL),
(7,	9,	0,	NULL,	NULL),
(1,	10,	1,	NULL,	NULL),
(2,	10,	1,	NULL,	NULL),
(3,	10,	1,	NULL,	NULL),
(4,	10,	1,	NULL,	NULL),
(5,	10,	1,	NULL,	NULL),
(6,	10,	1,	NULL,	NULL),
(7,	10,	1,	NULL,	NULL),
(1,	11,	0,	NULL,	NULL),
(2,	11,	0,	NULL,	NULL),
(3,	11,	0,	NULL,	NULL),
(4,	11,	0,	NULL,	NULL),
(5,	11,	0,	NULL,	NULL),
(6,	11,	0,	NULL,	NULL),
(7,	11,	0,	NULL,	NULL),
(1,	12,	0,	NULL,	NULL),
(2,	12,	0,	NULL,	NULL),
(3,	12,	0,	NULL,	NULL),
(4,	12,	0,	NULL,	NULL),
(5,	12,	0,	NULL,	NULL),
(6,	12,	0,	NULL,	NULL),
(7,	12,	0,	NULL,	NULL),
(1,	13,	1,	NULL,	NULL),
(2,	13,	1,	NULL,	NULL),
(3,	13,	1,	NULL,	NULL),
(4,	13,	1,	NULL,	NULL),
(5,	13,	1,	NULL,	NULL),
(6,	13,	1,	NULL,	NULL),
(7,	13,	1,	NULL,	NULL),
(1,	14,	0,	NULL,	NULL),
(2,	14,	0,	NULL,	NULL),
(3,	14,	0,	NULL,	NULL),
(4,	14,	0,	NULL,	NULL),
(5,	14,	0,	NULL,	NULL),
(6,	14,	0,	NULL,	NULL),
(7,	14,	0,	NULL,	NULL),
(1,	15,	10,	NULL,	NULL),
(2,	15,	10,	NULL,	NULL),
(3,	15,	10,	NULL,	NULL),
(4,	15,	10,	NULL,	NULL),
(5,	15,	10,	NULL,	NULL),
(6,	15,	10,	NULL,	NULL),
(7,	15,	10,	NULL,	NULL),
(1,	16,	4,	NULL,	NULL),
(2,	16,	4,	NULL,	NULL),
(3,	16,	4,	NULL,	NULL),
(4,	16,	4,	NULL,	NULL),
(5,	16,	4,	NULL,	NULL),
(6,	16,	4,	NULL,	NULL),
(7,	16,	4,	NULL,	NULL),
(1,	17,	3,	NULL,	NULL),
(2,	17,	3,	NULL,	NULL),
(3,	17,	3,	NULL,	NULL),
(4,	17,	3,	NULL,	NULL),
(5,	17,	3,	NULL,	NULL),
(6,	17,	3,	NULL,	NULL),
(7,	17,	3,	NULL,	NULL),
(1,	18,	2,	NULL,	NULL),
(2,	18,	2,	NULL,	NULL),
(3,	18,	2,	NULL,	NULL),
(4,	18,	2,	NULL,	NULL),
(5,	18,	2,	NULL,	NULL),
(6,	18,	2,	NULL,	NULL),
(7,	18,	2,	NULL,	NULL),
(1,	19,	3,	NULL,	NULL),
(2,	19,	3,	NULL,	NULL),
(3,	19,	3,	NULL,	NULL),
(4,	19,	3,	NULL,	NULL),
(5,	19,	3,	NULL,	NULL),
(6,	19,	3,	NULL,	NULL),
(7,	19,	3,	NULL,	NULL),
(1,	20,	2,	NULL,	NULL),
(2,	20,	2,	NULL,	NULL),
(3,	20,	2,	NULL,	NULL),
(4,	20,	2,	NULL,	NULL),
(5,	20,	2,	NULL,	NULL),
(6,	20,	2,	NULL,	NULL),
(7,	20,	2,	NULL,	NULL),
(1,	21,	2,	NULL,	NULL),
(2,	21,	2,	NULL,	NULL),
(3,	21,	2,	NULL,	NULL),
(4,	21,	2,	NULL,	NULL),
(5,	21,	2,	NULL,	NULL),
(6,	21,	2,	NULL,	NULL),
(7,	21,	2,	NULL,	NULL),
(1,	22,	4,	NULL,	NULL),
(2,	22,	4,	NULL,	NULL),
(3,	22,	4,	NULL,	NULL),
(4,	22,	4,	NULL,	NULL),
(5,	22,	4,	NULL,	NULL),
(6,	22,	4,	NULL,	NULL),
(7,	22,	4,	NULL,	NULL),
(1,	23,	2,	NULL,	NULL),
(2,	23,	2,	NULL,	NULL),
(3,	23,	2,	NULL,	NULL),
(4,	23,	2,	NULL,	NULL),
(5,	23,	2,	NULL,	NULL),
(6,	23,	2,	NULL,	NULL),
(7,	23,	2,	NULL,	NULL),
(1,	24,	16,	NULL,	NULL),
(2,	24,	16,	NULL,	NULL),
(3,	24,	16,	NULL,	NULL),
(4,	24,	16,	NULL,	NULL),
(5,	24,	16,	NULL,	NULL),
(6,	24,	16,	NULL,	NULL),
(7,	24,	16,	NULL,	NULL),
(1,	25,	1,	NULL,	NULL),
(2,	25,	1,	NULL,	NULL),
(3,	25,	1,	NULL,	NULL),
(4,	25,	1,	NULL,	NULL),
(5,	25,	1,	NULL,	NULL),
(6,	25,	1,	NULL,	NULL),
(7,	25,	1,	NULL,	NULL),
(1,	26,	1,	NULL,	NULL),
(2,	26,	1,	NULL,	NULL),
(3,	26,	1,	NULL,	NULL),
(4,	26,	1,	NULL,	NULL),
(5,	26,	1,	NULL,	NULL),
(6,	26,	1,	NULL,	NULL),
(7,	26,	1,	NULL,	NULL),
(1,	27,	2,	NULL,	NULL),
(2,	27,	2,	NULL,	NULL),
(3,	27,	2,	NULL,	NULL),
(4,	27,	2,	NULL,	NULL),
(5,	27,	2,	NULL,	NULL),
(6,	27,	2,	NULL,	NULL),
(7,	27,	2,	NULL,	NULL),
(1,	28,	0,	NULL,	NULL),
(2,	28,	0,	NULL,	NULL),
(3,	28,	0,	NULL,	NULL),
(4,	28,	0,	NULL,	NULL),
(5,	28,	0,	NULL,	NULL),
(6,	28,	0,	NULL,	NULL),
(7,	28,	0,	NULL,	NULL),
(1,	29,	3,	NULL,	NULL),
(2,	29,	3,	NULL,	NULL),
(3,	29,	3,	NULL,	NULL),
(4,	29,	3,	NULL,	NULL),
(5,	29,	3,	NULL,	NULL),
(6,	29,	3,	NULL,	NULL),
(7,	29,	3,	NULL,	NULL),
(1,	30,	2,	NULL,	NULL),
(2,	30,	2,	NULL,	NULL),
(3,	30,	2,	NULL,	NULL),
(4,	30,	2,	NULL,	NULL),
(5,	30,	2,	NULL,	NULL),
(6,	30,	2,	NULL,	NULL),
(7,	30,	2,	NULL,	NULL),
(1,	31,	0,	NULL,	NULL),
(2,	31,	0,	NULL,	NULL),
(3,	31,	0,	NULL,	NULL),
(4,	31,	0,	NULL,	NULL),
(5,	31,	0,	NULL,	NULL),
(6,	31,	0,	NULL,	NULL),
(7,	31,	0,	NULL,	NULL),
(1,	32,	0,	NULL,	NULL),
(2,	32,	0,	NULL,	NULL),
(3,	32,	0,	NULL,	NULL),
(4,	32,	0,	NULL,	NULL),
(5,	32,	0,	NULL,	NULL),
(6,	32,	0,	NULL,	NULL),
(7,	32,	0,	NULL,	NULL),
(1,	33,	1,	NULL,	NULL),
(2,	33,	1,	NULL,	NULL),
(3,	33,	1,	NULL,	NULL),
(4,	33,	1,	NULL,	NULL),
(5,	33,	1,	NULL,	NULL),
(6,	33,	1,	NULL,	NULL),
(7,	33,	1,	NULL,	NULL),
(1,	34,	0,	NULL,	NULL),
(2,	34,	0,	NULL,	NULL),
(3,	34,	0,	NULL,	NULL),
(4,	34,	0,	NULL,	NULL),
(5,	34,	0,	NULL,	NULL),
(6,	34,	0,	NULL,	NULL),
(7,	34,	0,	NULL,	NULL),
(1,	35,	1,	NULL,	NULL),
(2,	35,	1,	NULL,	NULL),
(3,	35,	1,	NULL,	NULL),
(4,	35,	1,	NULL,	NULL),
(5,	35,	1,	NULL,	NULL),
(6,	35,	1,	NULL,	NULL),
(7,	35,	1,	NULL,	NULL),
(1,	36,	4,	NULL,	NULL),
(2,	36,	4,	NULL,	NULL),
(3,	36,	4,	NULL,	NULL),
(4,	36,	4,	NULL,	NULL),
(5,	36,	4,	NULL,	NULL),
(6,	36,	4,	NULL,	NULL),
(7,	36,	4,	NULL,	NULL),
(1,	37,	4,	NULL,	NULL),
(2,	37,	4,	NULL,	NULL),
(3,	37,	4,	NULL,	NULL),
(4,	37,	4,	NULL,	NULL),
(5,	37,	4,	NULL,	NULL),
(6,	37,	4,	NULL,	NULL),
(7,	37,	4,	NULL,	NULL),
(1,	38,	6,	NULL,	NULL),
(2,	38,	6,	NULL,	NULL),
(3,	38,	6,	NULL,	NULL),
(4,	38,	6,	NULL,	NULL),
(5,	38,	6,	NULL,	NULL),
(6,	38,	6,	NULL,	NULL),
(7,	38,	6,	NULL,	NULL),
(1,	39,	5,	NULL,	NULL),
(2,	39,	5,	NULL,	NULL),
(3,	39,	5,	NULL,	NULL),
(4,	39,	5,	NULL,	NULL),
(5,	39,	5,	NULL,	NULL),
(6,	39,	5,	NULL,	NULL),
(7,	39,	5,	NULL,	NULL),
(1,	40,	4,	NULL,	NULL),
(2,	40,	4,	NULL,	NULL),
(3,	40,	4,	NULL,	NULL),
(4,	40,	4,	NULL,	NULL),
(5,	40,	4,	NULL,	NULL),
(6,	40,	4,	NULL,	NULL),
(7,	40,	4,	NULL,	NULL),
(1,	41,	10,	NULL,	NULL),
(2,	41,	10,	NULL,	NULL),
(3,	41,	10,	NULL,	NULL),
(4,	41,	10,	NULL,	NULL),
(5,	41,	10,	NULL,	NULL),
(6,	41,	10,	NULL,	NULL),
(7,	41,	10,	NULL,	NULL),
(1,	42,	12,	NULL,	NULL),
(2,	42,	12,	NULL,	NULL),
(3,	42,	12,	NULL,	NULL),
(4,	42,	12,	NULL,	NULL),
(5,	42,	12,	NULL,	NULL),
(6,	42,	12,	NULL,	NULL),
(7,	42,	12,	NULL,	NULL),
(1,	43,	19,	NULL,	NULL),
(2,	43,	19,	NULL,	NULL),
(3,	43,	19,	NULL,	NULL),
(4,	43,	19,	NULL,	NULL),
(5,	43,	19,	NULL,	NULL),
(6,	43,	19,	NULL,	NULL),
(7,	43,	19,	NULL,	NULL),
(1,	44,	14,	NULL,	NULL),
(2,	44,	14,	NULL,	NULL),
(3,	44,	14,	NULL,	NULL),
(4,	44,	14,	NULL,	NULL),
(5,	44,	14,	NULL,	NULL),
(6,	44,	14,	NULL,	NULL),
(7,	44,	14,	NULL,	NULL),
(1,	45,	14,	NULL,	NULL),
(2,	45,	14,	NULL,	NULL),
(3,	45,	14,	NULL,	NULL),
(4,	45,	14,	NULL,	NULL),
(5,	45,	14,	NULL,	NULL),
(6,	45,	14,	NULL,	NULL),
(7,	45,	14,	NULL,	NULL),
(1,	46,	0,	NULL,	NULL),
(2,	46,	0,	NULL,	NULL),
(3,	46,	0,	NULL,	NULL),
(4,	46,	0,	NULL,	NULL),
(5,	46,	0,	NULL,	NULL),
(6,	46,	0,	NULL,	NULL),
(7,	46,	0,	NULL,	NULL),
(1,	47,	0,	NULL,	NULL),
(2,	47,	0,	NULL,	NULL),
(3,	47,	0,	NULL,	NULL),
(4,	47,	0,	NULL,	NULL),
(5,	47,	0,	NULL,	NULL),
(6,	47,	0,	NULL,	NULL),
(7,	47,	0,	NULL,	NULL),
(1,	48,	1,	NULL,	NULL),
(2,	48,	1,	NULL,	NULL),
(3,	48,	1,	NULL,	NULL),
(4,	48,	1,	NULL,	NULL),
(5,	48,	1,	NULL,	NULL),
(6,	48,	1,	NULL,	NULL),
(7,	48,	1,	NULL,	NULL),
(1,	49,	0,	NULL,	NULL),
(2,	49,	0,	NULL,	NULL),
(3,	49,	0,	NULL,	NULL),
(4,	49,	0,	NULL,	NULL),
(5,	49,	0,	NULL,	NULL),
(6,	49,	0,	NULL,	NULL),
(7,	49,	0,	NULL,	NULL),
(1,	50,	2,	NULL,	NULL),
(2,	50,	2,	NULL,	NULL),
(3,	50,	2,	NULL,	NULL),
(4,	50,	2,	NULL,	NULL),
(5,	50,	2,	NULL,	NULL),
(6,	50,	2,	NULL,	NULL),
(7,	50,	2,	NULL,	NULL),
(1,	51,	1,	NULL,	NULL),
(2,	51,	1,	NULL,	NULL),
(3,	51,	1,	NULL,	NULL),
(4,	51,	1,	NULL,	NULL),
(5,	51,	1,	NULL,	NULL),
(6,	51,	1,	NULL,	NULL),
(7,	51,	1,	NULL,	NULL),
(1,	52,	0,	NULL,	NULL),
(2,	52,	0,	NULL,	NULL),
(3,	52,	0,	NULL,	NULL),
(4,	52,	0,	NULL,	NULL),
(5,	52,	0,	NULL,	NULL),
(6,	52,	0,	NULL,	NULL),
(7,	52,	0,	NULL,	NULL),
(1,	53,	0,	NULL,	NULL),
(2,	53,	0,	NULL,	NULL),
(3,	53,	0,	NULL,	NULL),
(4,	53,	0,	NULL,	NULL),
(5,	53,	0,	NULL,	NULL),
(6,	53,	0,	NULL,	NULL),
(7,	53,	0,	NULL,	NULL),
(1,	54,	2,	NULL,	NULL),
(2,	54,	2,	NULL,	NULL),
(3,	54,	2,	NULL,	NULL),
(4,	54,	2,	NULL,	NULL),
(5,	54,	2,	NULL,	NULL),
(6,	54,	2,	NULL,	NULL),
(7,	54,	2,	NULL,	NULL),
(1,	55,	1,	NULL,	NULL),
(2,	55,	1,	NULL,	NULL),
(3,	55,	1,	NULL,	NULL),
(4,	55,	1,	NULL,	NULL),
(5,	55,	1,	NULL,	NULL),
(6,	55,	1,	NULL,	NULL),
(7,	55,	1,	NULL,	NULL),
(1,	56,	0,	NULL,	NULL),
(2,	56,	0,	NULL,	NULL),
(3,	56,	0,	NULL,	NULL),
(4,	56,	0,	NULL,	NULL),
(5,	56,	0,	NULL,	NULL),
(6,	56,	0,	NULL,	NULL),
(7,	56,	0,	NULL,	NULL),
(1,	57,	2,	NULL,	NULL),
(2,	57,	2,	NULL,	NULL),
(3,	57,	2,	NULL,	NULL),
(4,	57,	2,	NULL,	NULL),
(5,	57,	2,	NULL,	NULL),
(6,	57,	2,	NULL,	NULL),
(7,	57,	2,	NULL,	NULL),
(1,	58,	2,	NULL,	NULL),
(2,	58,	2,	NULL,	NULL),
(3,	58,	2,	NULL,	NULL),
(4,	58,	2,	NULL,	NULL),
(5,	58,	2,	NULL,	NULL),
(6,	58,	2,	NULL,	NULL),
(7,	58,	2,	NULL,	NULL),
(1,	59,	0,	NULL,	NULL),
(2,	59,	0,	NULL,	NULL),
(3,	59,	0,	NULL,	NULL),
(4,	59,	0,	NULL,	NULL),
(5,	59,	0,	NULL,	NULL),
(6,	59,	0,	NULL,	NULL),
(7,	59,	0,	NULL,	NULL),
(1,	60,	2,	NULL,	NULL),
(2,	60,	2,	NULL,	NULL),
(3,	60,	2,	NULL,	NULL),
(4,	60,	2,	NULL,	NULL),
(5,	60,	2,	NULL,	NULL),
(6,	60,	2,	NULL,	NULL),
(7,	60,	2,	NULL,	NULL),
(1,	61,	0,	NULL,	NULL),
(2,	61,	0,	NULL,	NULL),
(3,	61,	0,	NULL,	NULL),
(4,	61,	0,	NULL,	NULL),
(5,	61,	0,	NULL,	NULL),
(6,	61,	0,	NULL,	NULL),
(7,	61,	0,	NULL,	NULL),
(1,	62,	0,	NULL,	NULL),
(2,	62,	0,	NULL,	NULL),
(3,	62,	0,	NULL,	NULL),
(4,	62,	0,	NULL,	NULL),
(5,	62,	0,	NULL,	NULL),
(6,	62,	0,	NULL,	NULL),
(7,	62,	0,	NULL,	NULL),
(1,	63,	0,	NULL,	NULL),
(2,	63,	0,	NULL,	NULL),
(3,	63,	0,	NULL,	NULL),
(4,	63,	0,	NULL,	NULL),
(5,	63,	0,	NULL,	NULL),
(6,	63,	0,	NULL,	NULL),
(7,	63,	0,	NULL,	NULL),
(1,	64,	2,	NULL,	NULL),
(2,	64,	2,	NULL,	NULL),
(3,	64,	2,	NULL,	NULL),
(4,	64,	2,	NULL,	NULL),
(5,	64,	2,	NULL,	NULL),
(6,	64,	2,	NULL,	NULL),
(7,	64,	2,	NULL,	NULL),
(1,	65,	1,	NULL,	NULL),
(2,	65,	1,	NULL,	NULL),
(3,	65,	1,	NULL,	NULL),
(4,	65,	1,	NULL,	NULL),
(5,	65,	1,	NULL,	NULL),
(6,	65,	1,	NULL,	NULL),
(7,	65,	1,	NULL,	NULL),
(1,	66,	4,	NULL,	NULL),
(2,	66,	4,	NULL,	NULL),
(3,	66,	4,	NULL,	NULL),
(4,	66,	4,	NULL,	NULL),
(5,	66,	4,	NULL,	NULL),
(6,	66,	4,	NULL,	NULL),
(7,	66,	4,	NULL,	NULL),
(1,	67,	5,	NULL,	NULL),
(2,	67,	5,	NULL,	NULL),
(3,	67,	5,	NULL,	NULL),
(4,	67,	5,	NULL,	NULL),
(5,	67,	5,	NULL,	NULL),
(6,	67,	5,	NULL,	NULL),
(7,	67,	5,	NULL,	NULL),
(1,	68,	4,	NULL,	NULL),
(2,	68,	4,	NULL,	NULL),
(3,	68,	4,	NULL,	NULL),
(4,	68,	4,	NULL,	NULL),
(5,	68,	4,	NULL,	NULL),
(6,	68,	4,	NULL,	NULL),
(7,	68,	4,	NULL,	NULL),
(1,	69,	4,	NULL,	NULL),
(2,	69,	4,	NULL,	NULL),
(3,	69,	4,	NULL,	NULL),
(4,	69,	4,	NULL,	NULL),
(5,	69,	4,	NULL,	NULL),
(6,	69,	4,	NULL,	NULL),
(7,	69,	4,	NULL,	NULL),
(1,	70,	5,	NULL,	NULL),
(2,	70,	5,	NULL,	NULL),
(3,	70,	5,	NULL,	NULL),
(4,	70,	5,	NULL,	NULL),
(5,	70,	5,	NULL,	NULL),
(6,	70,	5,	NULL,	NULL),
(7,	70,	5,	NULL,	NULL),
(1,	71,	0,	NULL,	NULL),
(2,	71,	0,	NULL,	NULL),
(3,	71,	0,	NULL,	NULL),
(4,	71,	0,	NULL,	NULL),
(5,	71,	0,	NULL,	NULL),
(6,	71,	0,	NULL,	NULL),
(7,	71,	0,	NULL,	NULL),
(1,	72,	0,	NULL,	NULL),
(2,	72,	0,	NULL,	NULL),
(3,	72,	0,	NULL,	NULL),
(4,	72,	0,	NULL,	NULL),
(5,	72,	0,	NULL,	NULL),
(6,	72,	0,	NULL,	NULL),
(7,	72,	0,	NULL,	NULL),
(1,	73,	0,	NULL,	NULL),
(2,	73,	0,	NULL,	NULL),
(3,	73,	0,	NULL,	NULL),
(4,	73,	0,	NULL,	NULL),
(5,	73,	0,	NULL,	NULL),
(6,	73,	0,	NULL,	NULL),
(7,	73,	0,	NULL,	NULL),
(1,	74,	0,	NULL,	NULL),
(2,	74,	0,	NULL,	NULL),
(3,	74,	0,	NULL,	NULL),
(4,	74,	0,	NULL,	NULL),
(5,	74,	0,	NULL,	NULL),
(6,	74,	0,	NULL,	NULL),
(7,	74,	0,	NULL,	NULL),
(1,	75,	2,	NULL,	NULL),
(2,	75,	2,	NULL,	NULL),
(3,	75,	2,	NULL,	NULL),
(4,	75,	2,	NULL,	NULL),
(5,	75,	2,	NULL,	NULL),
(6,	75,	2,	NULL,	NULL),
(7,	75,	2,	NULL,	NULL),
(1,	76,	0,	NULL,	NULL),
(2,	76,	0,	NULL,	NULL),
(3,	76,	0,	NULL,	NULL),
(4,	76,	0,	NULL,	NULL),
(5,	76,	0,	NULL,	NULL),
(6,	76,	0,	NULL,	NULL),
(7,	76,	0,	NULL,	NULL),
(1,	77,	0,	NULL,	NULL),
(2,	77,	0,	NULL,	NULL),
(3,	77,	0,	NULL,	NULL),
(4,	77,	0,	NULL,	NULL),
(5,	77,	0,	NULL,	NULL),
(6,	77,	0,	NULL,	NULL),
(7,	77,	0,	NULL,	NULL),
(1,	78,	0,	NULL,	NULL),
(2,	78,	0,	NULL,	NULL),
(3,	78,	0,	NULL,	NULL),
(4,	78,	0,	NULL,	NULL),
(5,	78,	0,	NULL,	NULL),
(6,	78,	0,	NULL,	NULL),
(7,	78,	0,	NULL,	NULL),
(1,	79,	13,	NULL,	NULL),
(2,	79,	13,	NULL,	NULL),
(3,	79,	13,	NULL,	NULL),
(4,	79,	13,	NULL,	NULL),
(5,	79,	13,	NULL,	NULL),
(6,	79,	13,	NULL,	NULL),
(7,	79,	13,	NULL,	NULL),
(1,	80,	10,	NULL,	NULL),
(2,	80,	10,	NULL,	NULL),
(3,	80,	10,	NULL,	NULL),
(4,	80,	10,	NULL,	NULL),
(5,	80,	10,	NULL,	NULL),
(6,	80,	10,	NULL,	NULL),
(7,	80,	10,	NULL,	NULL),
(1,	81,	6,	NULL,	NULL),
(2,	81,	6,	NULL,	NULL),
(3,	81,	6,	NULL,	NULL),
(4,	81,	6,	NULL,	NULL),
(5,	81,	6,	NULL,	NULL),
(6,	81,	6,	NULL,	NULL),
(7,	81,	6,	NULL,	NULL),
(1,	82,	15,	NULL,	NULL),
(2,	82,	15,	NULL,	NULL),
(3,	82,	15,	NULL,	NULL),
(4,	82,	15,	NULL,	NULL),
(5,	82,	15,	NULL,	NULL),
(6,	82,	15,	NULL,	NULL),
(7,	82,	15,	NULL,	NULL),
(1,	83,	12,	NULL,	NULL),
(2,	83,	12,	NULL,	NULL),
(3,	83,	12,	NULL,	NULL),
(4,	83,	12,	NULL,	NULL),
(5,	83,	12,	NULL,	NULL),
(6,	83,	12,	NULL,	NULL),
(7,	83,	12,	NULL,	NULL),
(1,	84,	7,	NULL,	NULL),
(2,	84,	7,	NULL,	NULL),
(3,	84,	7,	NULL,	NULL),
(4,	84,	7,	NULL,	NULL),
(5,	84,	7,	NULL,	NULL),
(6,	84,	7,	NULL,	NULL),
(7,	84,	7,	NULL,	NULL),
(1,	85,	5,	NULL,	NULL),
(2,	85,	5,	NULL,	NULL),
(3,	85,	5,	NULL,	NULL),
(4,	85,	5,	NULL,	NULL),
(5,	85,	5,	NULL,	NULL),
(6,	85,	5,	NULL,	NULL),
(7,	85,	5,	NULL,	NULL),
(1,	86,	12,	NULL,	NULL),
(2,	86,	12,	NULL,	NULL),
(3,	86,	12,	NULL,	NULL),
(4,	86,	12,	NULL,	NULL),
(5,	86,	12,	NULL,	NULL),
(6,	86,	12,	NULL,	NULL),
(7,	86,	12,	NULL,	NULL),
(1,	87,	5,	NULL,	NULL),
(2,	87,	5,	NULL,	NULL),
(3,	87,	5,	NULL,	NULL),
(4,	87,	5,	NULL,	NULL),
(5,	87,	5,	NULL,	NULL),
(6,	87,	5,	NULL,	NULL),
(7,	87,	5,	NULL,	NULL),
(1,	88,	7,	NULL,	NULL),
(2,	88,	7,	NULL,	NULL),
(3,	88,	7,	NULL,	NULL),
(4,	88,	7,	NULL,	NULL),
(5,	88,	7,	NULL,	NULL),
(6,	88,	7,	NULL,	NULL),
(7,	88,	7,	NULL,	NULL),
(1,	89,	12,	NULL,	NULL),
(2,	89,	12,	NULL,	NULL),
(3,	89,	12,	NULL,	NULL),
(4,	89,	12,	NULL,	NULL),
(5,	89,	12,	NULL,	NULL),
(6,	89,	12,	NULL,	NULL),
(7,	89,	12,	NULL,	NULL),
(1,	90,	1,	NULL,	NULL),
(2,	90,	1,	NULL,	NULL),
(3,	90,	1,	NULL,	NULL),
(4,	90,	1,	NULL,	NULL),
(5,	90,	1,	NULL,	NULL),
(6,	90,	1,	NULL,	NULL),
(7,	90,	1,	NULL,	NULL),
(1,	91,	2,	NULL,	NULL),
(2,	91,	2,	NULL,	NULL),
(3,	91,	2,	NULL,	NULL),
(4,	91,	2,	NULL,	NULL),
(5,	91,	2,	NULL,	NULL),
(6,	91,	2,	NULL,	NULL),
(7,	91,	2,	NULL,	NULL),
(1,	92,	1,	NULL,	NULL),
(2,	92,	1,	NULL,	NULL),
(3,	92,	1,	NULL,	NULL),
(4,	92,	1,	NULL,	NULL),
(5,	92,	1,	NULL,	NULL),
(6,	92,	1,	NULL,	NULL),
(7,	92,	1,	NULL,	NULL),
(1,	93,	1,	NULL,	NULL),
(2,	93,	1,	NULL,	NULL),
(3,	93,	1,	NULL,	NULL),
(4,	93,	1,	NULL,	NULL),
(5,	93,	1,	NULL,	NULL),
(6,	93,	1,	NULL,	NULL),
(7,	93,	1,	NULL,	NULL),
(1,	94,	2,	NULL,	NULL),
(2,	94,	2,	NULL,	NULL),
(3,	94,	2,	NULL,	NULL),
(4,	94,	2,	NULL,	NULL),
(5,	94,	2,	NULL,	NULL),
(6,	94,	2,	NULL,	NULL),
(7,	94,	2,	NULL,	NULL),
(1,	95,	0,	NULL,	NULL),
(2,	95,	0,	NULL,	NULL),
(3,	95,	0,	NULL,	NULL),
(4,	95,	0,	NULL,	NULL),
(5,	95,	0,	NULL,	NULL),
(6,	95,	0,	NULL,	NULL),
(7,	95,	0,	NULL,	NULL),
(1,	96,	0,	NULL,	NULL),
(2,	96,	0,	NULL,	NULL),
(3,	96,	0,	NULL,	NULL),
(4,	96,	0,	NULL,	NULL),
(5,	96,	0,	NULL,	NULL),
(6,	96,	0,	NULL,	NULL),
(7,	96,	0,	NULL,	NULL),
(1,	97,	0,	NULL,	NULL),
(2,	97,	0,	NULL,	NULL),
(3,	97,	0,	NULL,	NULL),
(4,	97,	0,	NULL,	NULL),
(5,	97,	0,	NULL,	NULL),
(6,	97,	0,	NULL,	NULL),
(7,	97,	0,	NULL,	NULL),
(1,	98,	0,	NULL,	NULL),
(2,	98,	0,	NULL,	NULL),
(3,	98,	0,	NULL,	NULL),
(4,	98,	0,	NULL,	NULL),
(5,	98,	0,	NULL,	NULL),
(6,	98,	0,	NULL,	NULL),
(7,	98,	0,	NULL,	NULL),
(1,	99,	2,	NULL,	NULL),
(2,	99,	2,	NULL,	NULL),
(3,	99,	2,	NULL,	NULL),
(4,	99,	2,	NULL,	NULL),
(5,	99,	2,	NULL,	NULL),
(6,	99,	2,	NULL,	NULL),
(7,	99,	2,	NULL,	NULL),
(1,	100,	1,	NULL,	NULL),
(2,	100,	1,	NULL,	NULL),
(3,	100,	1,	NULL,	NULL),
(4,	100,	1,	NULL,	NULL),
(5,	100,	1,	NULL,	NULL),
(6,	100,	1,	NULL,	NULL),
(7,	100,	1,	NULL,	NULL),
(1,	101,	1,	NULL,	NULL),
(2,	101,	1,	NULL,	NULL),
(3,	101,	1,	NULL,	NULL),
(4,	101,	1,	NULL,	NULL),
(5,	101,	1,	NULL,	NULL),
(6,	101,	1,	NULL,	NULL),
(7,	101,	1,	NULL,	NULL),
(1,	102,	4,	NULL,	NULL),
(2,	102,	4,	NULL,	NULL),
(3,	102,	4,	NULL,	NULL),
(4,	102,	4,	NULL,	NULL),
(5,	102,	4,	NULL,	NULL),
(6,	102,	4,	NULL,	NULL),
(7,	102,	4,	NULL,	NULL),
(1,	103,	7,	NULL,	NULL),
(2,	103,	7,	NULL,	NULL),
(3,	103,	7,	NULL,	NULL),
(4,	103,	7,	NULL,	NULL),
(5,	103,	7,	NULL,	NULL),
(6,	103,	7,	NULL,	NULL),
(7,	103,	7,	NULL,	NULL),
(1,	104,	4,	NULL,	NULL),
(2,	104,	4,	NULL,	NULL),
(3,	104,	4,	NULL,	NULL),
(4,	104,	4,	NULL,	NULL),
(5,	104,	4,	NULL,	NULL),
(6,	104,	4,	NULL,	NULL),
(7,	104,	4,	NULL,	NULL),
(1,	105,	14,	NULL,	NULL),
(2,	105,	14,	NULL,	NULL),
(3,	105,	14,	NULL,	NULL),
(4,	105,	14,	NULL,	NULL),
(5,	105,	14,	NULL,	NULL),
(6,	105,	14,	NULL,	NULL),
(7,	105,	14,	NULL,	NULL),
(1,	106,	0,	NULL,	NULL),
(2,	106,	0,	NULL,	NULL),
(3,	106,	0,	NULL,	NULL),
(4,	106,	0,	NULL,	NULL),
(5,	106,	0,	NULL,	NULL),
(6,	106,	0,	NULL,	NULL),
(7,	106,	0,	NULL,	NULL),
(1,	107,	1,	NULL,	NULL),
(2,	107,	1,	NULL,	NULL),
(3,	107,	1,	NULL,	NULL),
(4,	107,	1,	NULL,	NULL),
(5,	107,	1,	NULL,	NULL),
(6,	107,	1,	NULL,	NULL),
(7,	107,	1,	NULL,	NULL),
(1,	108,	0,	NULL,	NULL),
(2,	108,	0,	NULL,	NULL),
(3,	108,	0,	NULL,	NULL),
(4,	108,	0,	NULL,	NULL),
(5,	108,	0,	NULL,	NULL),
(6,	108,	0,	NULL,	NULL),
(7,	108,	0,	NULL,	NULL),
(1,	109,	20,	NULL,	NULL),
(2,	109,	20,	NULL,	NULL),
(3,	109,	20,	NULL,	NULL),
(4,	109,	20,	NULL,	NULL),
(5,	109,	20,	NULL,	NULL),
(6,	109,	20,	NULL,	NULL),
(7,	109,	20,	NULL,	NULL),
(1,	110,	20,	NULL,	NULL),
(2,	110,	20,	NULL,	NULL),
(3,	110,	20,	NULL,	NULL),
(4,	110,	20,	NULL,	NULL),
(5,	110,	20,	NULL,	NULL),
(6,	110,	20,	NULL,	NULL),
(7,	110,	20,	NULL,	NULL),
(1,	111,	6,	NULL,	NULL),
(2,	111,	6,	NULL,	NULL),
(3,	111,	6,	NULL,	NULL),
(4,	111,	6,	NULL,	NULL),
(5,	111,	6,	NULL,	NULL),
(6,	111,	6,	NULL,	NULL),
(7,	111,	6,	NULL,	NULL),
(1,	112,	0,	NULL,	NULL),
(2,	112,	0,	NULL,	NULL),
(3,	112,	0,	NULL,	NULL),
(4,	112,	0,	NULL,	NULL),
(5,	112,	0,	NULL,	NULL),
(6,	112,	0,	NULL,	NULL),
(7,	112,	0,	NULL,	NULL),
(1,	113,	9,	NULL,	NULL),
(2,	113,	9,	NULL,	NULL),
(3,	113,	9,	NULL,	NULL),
(4,	113,	9,	NULL,	NULL),
(5,	113,	9,	NULL,	NULL),
(6,	113,	9,	NULL,	NULL),
(7,	113,	9,	NULL,	NULL),
(1,	114,	11,	NULL,	NULL),
(2,	114,	11,	NULL,	NULL),
(3,	114,	11,	NULL,	NULL),
(4,	114,	11,	NULL,	NULL),
(5,	114,	11,	NULL,	NULL),
(6,	114,	11,	NULL,	NULL),
(7,	114,	11,	NULL,	NULL),
(1,	115,	7,	NULL,	NULL),
(2,	115,	7,	NULL,	NULL),
(3,	115,	7,	NULL,	NULL),
(4,	115,	7,	NULL,	NULL),
(5,	115,	7,	NULL,	NULL),
(6,	115,	7,	NULL,	NULL),
(7,	115,	7,	NULL,	NULL),
(1,	116,	10,	NULL,	NULL),
(2,	116,	10,	NULL,	NULL),
(3,	116,	10,	NULL,	NULL),
(4,	116,	10,	NULL,	NULL),
(5,	116,	10,	NULL,	NULL),
(6,	116,	10,	NULL,	NULL),
(7,	116,	10,	NULL,	NULL),
(1,	117,	3,	NULL,	NULL),
(2,	117,	3,	NULL,	NULL),
(3,	117,	3,	NULL,	NULL),
(4,	117,	3,	NULL,	NULL),
(5,	117,	3,	NULL,	NULL),
(6,	117,	3,	NULL,	NULL),
(7,	117,	3,	NULL,	NULL),
(1,	118,	19,	NULL,	NULL),
(2,	118,	19,	NULL,	NULL),
(3,	118,	19,	NULL,	NULL),
(4,	118,	19,	NULL,	NULL),
(5,	118,	19,	NULL,	NULL),
(6,	118,	19,	NULL,	NULL),
(7,	118,	19,	NULL,	NULL),
(1,	119,	0,	NULL,	NULL),
(2,	119,	0,	NULL,	NULL),
(3,	119,	0,	NULL,	NULL),
(4,	119,	0,	NULL,	NULL),
(5,	119,	0,	NULL,	NULL),
(6,	119,	0,	NULL,	NULL),
(7,	119,	0,	NULL,	NULL),
(1,	120,	4,	NULL,	NULL),
(2,	120,	4,	NULL,	NULL),
(3,	120,	4,	NULL,	NULL),
(4,	120,	4,	NULL,	NULL),
(5,	120,	4,	NULL,	NULL),
(6,	120,	4,	NULL,	NULL),
(7,	120,	4,	NULL,	NULL),
(1,	121,	10,	NULL,	NULL),
(2,	121,	10,	NULL,	NULL),
(3,	121,	10,	NULL,	NULL),
(4,	121,	10,	NULL,	NULL),
(5,	121,	10,	NULL,	NULL),
(6,	121,	10,	NULL,	NULL),
(7,	121,	10,	NULL,	NULL),
(1,	122,	10,	NULL,	NULL),
(2,	122,	10,	NULL,	NULL),
(3,	122,	10,	NULL,	NULL),
(4,	122,	10,	NULL,	NULL),
(5,	122,	10,	NULL,	NULL),
(6,	122,	10,	NULL,	NULL),
(7,	122,	10,	NULL,	NULL),
(1,	123,	8,	NULL,	NULL),
(2,	123,	8,	NULL,	NULL),
(3,	123,	8,	NULL,	NULL),
(4,	123,	8,	NULL,	NULL),
(5,	123,	8,	NULL,	NULL),
(6,	123,	8,	NULL,	NULL),
(7,	123,	8,	NULL,	NULL),
(1,	124,	1,	NULL,	NULL),
(2,	124,	1,	NULL,	NULL),
(3,	124,	1,	NULL,	NULL),
(4,	124,	1,	NULL,	NULL),
(5,	124,	1,	NULL,	NULL),
(6,	124,	1,	NULL,	NULL),
(7,	124,	1,	NULL,	NULL),
(1,	125,	1,	NULL,	NULL),
(2,	125,	1,	NULL,	NULL),
(3,	125,	1,	NULL,	NULL),
(4,	125,	1,	NULL,	NULL),
(5,	125,	1,	NULL,	NULL),
(6,	125,	1,	NULL,	NULL),
(7,	125,	1,	NULL,	NULL),
(1,	126,	26,	NULL,	NULL),
(2,	126,	26,	NULL,	NULL),
(3,	126,	26,	NULL,	NULL),
(4,	126,	26,	NULL,	NULL),
(5,	126,	26,	NULL,	NULL),
(6,	126,	26,	NULL,	NULL),
(7,	126,	26,	NULL,	NULL),
(1,	127,	1,	NULL,	NULL),
(2,	127,	1,	NULL,	NULL),
(3,	127,	1,	NULL,	NULL),
(4,	127,	1,	NULL,	NULL),
(5,	127,	1,	NULL,	NULL),
(6,	127,	1,	NULL,	NULL),
(7,	127,	1,	NULL,	NULL),
(1,	128,	1,	NULL,	NULL),
(2,	128,	1,	NULL,	NULL),
(3,	128,	1,	NULL,	NULL),
(4,	128,	1,	NULL,	NULL),
(5,	128,	1,	NULL,	NULL),
(6,	128,	1,	NULL,	NULL),
(7,	128,	1,	NULL,	NULL),
(1,	129,	0,	NULL,	NULL),
(2,	129,	0,	NULL,	NULL),
(3,	129,	0,	NULL,	NULL),
(4,	129,	0,	NULL,	NULL),
(5,	129,	0,	NULL,	NULL),
(6,	129,	0,	NULL,	NULL),
(7,	129,	0,	NULL,	NULL),
(1,	130,	2,	NULL,	NULL),
(2,	130,	2,	NULL,	NULL),
(3,	130,	2,	NULL,	NULL),
(4,	130,	2,	NULL,	NULL),
(5,	130,	2,	NULL,	NULL),
(6,	130,	2,	NULL,	NULL),
(7,	130,	2,	NULL,	NULL),
(1,	131,	2,	NULL,	NULL),
(2,	131,	2,	NULL,	NULL),
(3,	131,	2,	NULL,	NULL),
(4,	131,	2,	NULL,	NULL),
(5,	131,	2,	NULL,	NULL),
(6,	131,	2,	NULL,	NULL),
(7,	131,	2,	NULL,	NULL),
(1,	132,	0,	NULL,	NULL),
(2,	132,	0,	NULL,	NULL),
(3,	132,	0,	NULL,	NULL),
(4,	132,	0,	NULL,	NULL),
(5,	132,	0,	NULL,	NULL),
(6,	132,	0,	NULL,	NULL),
(7,	132,	0,	NULL,	NULL),
(1,	133,	5,	NULL,	NULL),
(2,	133,	5,	NULL,	NULL),
(3,	133,	5,	NULL,	NULL),
(4,	133,	5,	NULL,	NULL),
(5,	133,	5,	NULL,	NULL),
(6,	133,	5,	NULL,	NULL),
(7,	133,	5,	NULL,	NULL),
(1,	134,	10,	NULL,	NULL),
(2,	134,	10,	NULL,	NULL),
(3,	134,	10,	NULL,	NULL),
(4,	134,	10,	NULL,	NULL),
(5,	134,	10,	NULL,	NULL),
(6,	134,	10,	NULL,	NULL),
(7,	134,	10,	NULL,	NULL),
(1,	135,	2,	NULL,	NULL),
(2,	135,	2,	NULL,	NULL),
(3,	135,	2,	NULL,	NULL),
(4,	135,	2,	NULL,	NULL),
(5,	135,	2,	NULL,	NULL),
(6,	135,	2,	NULL,	NULL),
(7,	135,	2,	NULL,	NULL),
(1,	136,	22,	NULL,	NULL),
(2,	136,	22,	NULL,	NULL),
(3,	136,	22,	NULL,	NULL),
(4,	136,	22,	NULL,	NULL),
(5,	136,	22,	NULL,	NULL),
(6,	136,	22,	NULL,	NULL),
(7,	136,	22,	NULL,	NULL),
(1,	137,	8,	NULL,	NULL),
(2,	137,	8,	NULL,	NULL),
(3,	137,	8,	NULL,	NULL),
(4,	137,	8,	NULL,	NULL),
(5,	137,	8,	NULL,	NULL),
(6,	137,	8,	NULL,	NULL),
(7,	137,	8,	NULL,	NULL),
(1,	138,	4,	NULL,	NULL),
(2,	138,	4,	NULL,	NULL),
(3,	138,	4,	NULL,	NULL),
(4,	138,	4,	NULL,	NULL),
(5,	138,	4,	NULL,	NULL),
(6,	138,	4,	NULL,	NULL),
(7,	138,	4,	NULL,	NULL),
(1,	139,	1,	NULL,	NULL),
(2,	139,	1,	NULL,	NULL),
(3,	139,	1,	NULL,	NULL),
(4,	139,	1,	NULL,	NULL),
(5,	139,	1,	NULL,	NULL),
(6,	139,	1,	NULL,	NULL),
(7,	139,	1,	NULL,	NULL),
(1,	140,	1,	NULL,	NULL),
(2,	140,	1,	NULL,	NULL),
(3,	140,	1,	NULL,	NULL),
(4,	140,	1,	NULL,	NULL),
(5,	140,	1,	NULL,	NULL),
(6,	140,	1,	NULL,	NULL),
(7,	140,	1,	NULL,	NULL),
(1,	141,	6,	NULL,	NULL),
(2,	141,	6,	NULL,	NULL),
(3,	141,	6,	NULL,	NULL),
(4,	141,	6,	NULL,	NULL),
(5,	141,	6,	NULL,	NULL),
(6,	141,	6,	NULL,	NULL),
(7,	141,	6,	NULL,	NULL),
(1,	142,	4,	NULL,	NULL),
(2,	142,	4,	NULL,	NULL),
(3,	142,	4,	NULL,	NULL),
(4,	142,	4,	NULL,	NULL),
(5,	142,	4,	NULL,	NULL),
(6,	142,	4,	NULL,	NULL),
(7,	142,	4,	NULL,	NULL),
(1,	143,	3,	NULL,	NULL),
(2,	143,	3,	NULL,	NULL),
(3,	143,	3,	NULL,	NULL),
(4,	143,	3,	NULL,	NULL),
(5,	143,	3,	NULL,	NULL),
(6,	143,	3,	NULL,	NULL),
(7,	143,	3,	NULL,	NULL),
(1,	144,	0,	NULL,	NULL),
(2,	144,	0,	NULL,	NULL),
(3,	144,	0,	NULL,	NULL),
(4,	144,	0,	NULL,	NULL),
(5,	144,	0,	NULL,	NULL),
(6,	144,	0,	NULL,	NULL),
(7,	144,	0,	NULL,	NULL),
(1,	145,	11,	NULL,	NULL),
(2,	145,	11,	NULL,	NULL),
(3,	145,	11,	NULL,	NULL),
(4,	145,	11,	NULL,	NULL),
(5,	145,	11,	NULL,	NULL),
(6,	145,	11,	NULL,	NULL),
(7,	145,	11,	NULL,	NULL),
(1,	146,	20,	NULL,	NULL),
(2,	146,	20,	NULL,	NULL),
(3,	146,	20,	NULL,	NULL),
(4,	146,	20,	NULL,	NULL),
(5,	146,	20,	NULL,	NULL),
(6,	146,	20,	NULL,	NULL),
(7,	146,	20,	NULL,	NULL),
(1,	147,	3,	NULL,	NULL),
(2,	147,	3,	NULL,	NULL),
(3,	147,	3,	NULL,	NULL),
(4,	147,	3,	NULL,	NULL),
(5,	147,	3,	NULL,	NULL),
(6,	147,	3,	NULL,	NULL),
(7,	147,	3,	NULL,	NULL),
(1,	148,	11,	NULL,	NULL),
(2,	148,	11,	NULL,	NULL),
(3,	148,	11,	NULL,	NULL),
(4,	148,	11,	NULL,	NULL),
(5,	148,	11,	NULL,	NULL),
(6,	148,	11,	NULL,	NULL),
(7,	148,	11,	NULL,	NULL),
(1,	149,	3,	NULL,	NULL),
(2,	149,	3,	NULL,	NULL),
(3,	149,	3,	NULL,	NULL),
(4,	149,	3,	NULL,	NULL),
(5,	149,	3,	NULL,	NULL),
(6,	149,	3,	NULL,	NULL),
(7,	149,	3,	NULL,	NULL),
(1,	150,	0,	NULL,	NULL),
(2,	150,	0,	NULL,	NULL),
(3,	150,	0,	NULL,	NULL),
(4,	150,	0,	NULL,	NULL),
(5,	150,	0,	NULL,	NULL),
(6,	150,	0,	NULL,	NULL),
(7,	150,	0,	NULL,	NULL),
(1,	151,	9,	NULL,	NULL),
(2,	151,	9,	NULL,	NULL),
(3,	151,	9,	NULL,	NULL),
(4,	151,	9,	NULL,	NULL),
(5,	151,	9,	NULL,	NULL),
(6,	151,	9,	NULL,	NULL),
(7,	151,	9,	NULL,	NULL),
(1,	152,	8,	NULL,	NULL),
(2,	152,	8,	NULL,	NULL),
(3,	152,	8,	NULL,	NULL),
(4,	152,	8,	NULL,	NULL),
(5,	152,	8,	NULL,	NULL),
(6,	152,	8,	NULL,	NULL),
(7,	152,	8,	NULL,	NULL),
(1,	153,	6,	NULL,	NULL),
(2,	153,	6,	NULL,	NULL),
(3,	153,	6,	NULL,	NULL),
(4,	153,	6,	NULL,	NULL),
(5,	153,	6,	NULL,	NULL),
(6,	153,	6,	NULL,	NULL),
(7,	153,	6,	NULL,	NULL),
(1,	154,	4,	NULL,	NULL),
(2,	154,	4,	NULL,	NULL),
(3,	154,	4,	NULL,	NULL),
(4,	154,	4,	NULL,	NULL),
(5,	154,	4,	NULL,	NULL),
(6,	154,	4,	NULL,	NULL),
(7,	154,	4,	NULL,	NULL),
(1,	155,	4,	NULL,	NULL),
(2,	155,	4,	NULL,	NULL),
(3,	155,	4,	NULL,	NULL),
(4,	155,	4,	NULL,	NULL),
(5,	155,	4,	NULL,	NULL),
(6,	155,	4,	NULL,	NULL),
(7,	155,	4,	NULL,	NULL),
(1,	156,	2,	NULL,	NULL),
(2,	156,	2,	NULL,	NULL),
(3,	156,	2,	NULL,	NULL),
(4,	156,	2,	NULL,	NULL),
(5,	156,	2,	NULL,	NULL),
(6,	156,	2,	NULL,	NULL),
(7,	156,	2,	NULL,	NULL),
(1,	157,	5,	NULL,	NULL),
(2,	157,	5,	NULL,	NULL),
(3,	157,	5,	NULL,	NULL),
(4,	157,	5,	NULL,	NULL),
(5,	157,	5,	NULL,	NULL),
(6,	157,	5,	NULL,	NULL),
(7,	157,	5,	NULL,	NULL),
(1,	158,	5,	NULL,	NULL),
(2,	158,	5,	NULL,	NULL),
(3,	158,	5,	NULL,	NULL),
(4,	158,	5,	NULL,	NULL),
(5,	158,	5,	NULL,	NULL),
(6,	158,	5,	NULL,	NULL),
(7,	158,	5,	NULL,	NULL),
(1,	159,	3,	NULL,	NULL),
(2,	159,	3,	NULL,	NULL),
(3,	159,	3,	NULL,	NULL),
(4,	159,	3,	NULL,	NULL),
(5,	159,	3,	NULL,	NULL),
(6,	159,	3,	NULL,	NULL),
(7,	159,	3,	NULL,	NULL),
(1,	160,	10,	NULL,	NULL),
(2,	160,	10,	NULL,	NULL),
(3,	160,	10,	NULL,	NULL),
(4,	160,	10,	NULL,	NULL),
(5,	160,	10,	NULL,	NULL),
(6,	160,	10,	NULL,	NULL),
(7,	160,	10,	NULL,	NULL),
(1,	161,	2,	NULL,	NULL),
(2,	161,	2,	NULL,	NULL),
(3,	161,	2,	NULL,	NULL),
(4,	161,	2,	NULL,	NULL),
(5,	161,	2,	NULL,	NULL),
(6,	161,	2,	NULL,	NULL),
(7,	161,	2,	NULL,	NULL),
(1,	162,	4,	NULL,	NULL),
(2,	162,	4,	NULL,	NULL),
(3,	162,	4,	NULL,	NULL),
(4,	162,	4,	NULL,	NULL),
(5,	162,	4,	NULL,	NULL),
(6,	162,	4,	NULL,	NULL),
(7,	162,	4,	NULL,	NULL),
(1,	163,	10,	NULL,	NULL),
(2,	163,	10,	NULL,	NULL),
(3,	163,	10,	NULL,	NULL),
(4,	163,	10,	NULL,	NULL),
(5,	163,	10,	NULL,	NULL),
(6,	163,	10,	NULL,	NULL),
(7,	163,	10,	NULL,	NULL),
(1,	164,	3,	NULL,	NULL),
(2,	164,	3,	NULL,	NULL),
(3,	164,	3,	NULL,	NULL),
(4,	164,	3,	NULL,	NULL),
(5,	164,	3,	NULL,	NULL),
(6,	164,	3,	NULL,	NULL),
(7,	164,	3,	NULL,	NULL),
(1,	165,	5,	NULL,	NULL),
(2,	165,	5,	NULL,	NULL),
(3,	165,	5,	NULL,	NULL),
(4,	165,	5,	NULL,	NULL),
(5,	165,	5,	NULL,	NULL),
(6,	165,	5,	NULL,	NULL),
(7,	165,	5,	NULL,	NULL),
(1,	166,	7,	NULL,	NULL),
(2,	166,	7,	NULL,	NULL),
(3,	166,	7,	NULL,	NULL),
(4,	166,	7,	NULL,	NULL),
(5,	166,	7,	NULL,	NULL),
(6,	166,	7,	NULL,	NULL),
(7,	166,	7,	NULL,	NULL),
(1,	167,	0,	NULL,	NULL),
(2,	167,	0,	NULL,	NULL),
(3,	167,	0,	NULL,	NULL),
(4,	167,	0,	NULL,	NULL),
(5,	167,	0,	NULL,	NULL),
(6,	167,	0,	NULL,	NULL),
(7,	167,	0,	NULL,	NULL),
(1,	168,	1,	NULL,	NULL),
(2,	168,	1,	NULL,	NULL),
(3,	168,	1,	NULL,	NULL),
(4,	168,	1,	NULL,	NULL),
(5,	168,	1,	NULL,	NULL),
(6,	168,	1,	NULL,	NULL),
(7,	168,	1,	NULL,	NULL),
(1,	169,	4,	NULL,	NULL),
(2,	169,	4,	NULL,	NULL),
(3,	169,	4,	NULL,	NULL),
(4,	169,	4,	NULL,	NULL),
(5,	169,	4,	NULL,	NULL),
(6,	169,	4,	NULL,	NULL),
(7,	169,	4,	NULL,	NULL),
(1,	170,	4,	NULL,	NULL),
(2,	170,	4,	NULL,	NULL),
(3,	170,	4,	NULL,	NULL),
(4,	170,	4,	NULL,	NULL),
(5,	170,	4,	NULL,	NULL),
(6,	170,	4,	NULL,	NULL),
(7,	170,	4,	NULL,	NULL),
(1,	171,	3,	NULL,	NULL),
(2,	171,	3,	NULL,	NULL),
(3,	171,	3,	NULL,	NULL),
(4,	171,	3,	NULL,	NULL),
(5,	171,	3,	NULL,	NULL),
(6,	171,	3,	NULL,	NULL),
(7,	171,	3,	NULL,	NULL),
(1,	172,	0,	NULL,	NULL),
(2,	172,	0,	NULL,	NULL),
(3,	172,	0,	NULL,	NULL),
(4,	172,	0,	NULL,	NULL),
(5,	172,	0,	NULL,	NULL),
(6,	172,	0,	NULL,	NULL),
(7,	172,	0,	NULL,	NULL),
(1,	173,	0,	NULL,	NULL),
(2,	173,	0,	NULL,	NULL),
(3,	173,	0,	NULL,	NULL),
(4,	173,	0,	NULL,	NULL),
(5,	173,	0,	NULL,	NULL),
(6,	173,	0,	NULL,	NULL),
(7,	173,	0,	NULL,	NULL),
(1,	174,	3,	NULL,	NULL),
(2,	174,	3,	NULL,	NULL),
(3,	174,	3,	NULL,	NULL),
(4,	174,	3,	NULL,	NULL),
(5,	174,	3,	NULL,	NULL),
(6,	174,	3,	NULL,	NULL),
(7,	174,	3,	NULL,	NULL),
(1,	175,	0,	NULL,	NULL),
(2,	175,	0,	NULL,	NULL),
(3,	175,	0,	NULL,	NULL),
(4,	175,	0,	NULL,	NULL),
(5,	175,	0,	NULL,	NULL),
(6,	175,	0,	NULL,	NULL),
(7,	175,	0,	NULL,	NULL),
(1,	176,	0,	NULL,	NULL),
(2,	176,	0,	NULL,	NULL),
(3,	176,	0,	NULL,	NULL),
(4,	176,	0,	NULL,	NULL),
(5,	176,	0,	NULL,	NULL),
(6,	176,	0,	NULL,	NULL),
(7,	176,	0,	NULL,	NULL),
(1,	177,	0,	NULL,	NULL),
(2,	177,	0,	NULL,	NULL),
(3,	177,	0,	NULL,	NULL),
(4,	177,	0,	NULL,	NULL),
(5,	177,	0,	NULL,	NULL),
(6,	177,	0,	NULL,	NULL),
(7,	177,	0,	NULL,	NULL),
(1,	178,	0,	NULL,	NULL),
(2,	178,	0,	NULL,	NULL),
(3,	178,	0,	NULL,	NULL),
(4,	178,	0,	NULL,	NULL),
(5,	178,	0,	NULL,	NULL),
(6,	178,	0,	NULL,	NULL),
(7,	178,	0,	NULL,	NULL),
(1,	179,	0,	NULL,	NULL),
(2,	179,	0,	NULL,	NULL),
(3,	179,	0,	NULL,	NULL),
(4,	179,	0,	NULL,	NULL),
(5,	179,	0,	NULL,	NULL),
(6,	179,	0,	NULL,	NULL),
(7,	179,	0,	NULL,	NULL),
(1,	180,	0,	NULL,	NULL),
(2,	180,	0,	NULL,	NULL),
(3,	180,	0,	NULL,	NULL),
(4,	180,	0,	NULL,	NULL),
(5,	180,	0,	NULL,	NULL),
(6,	180,	0,	NULL,	NULL),
(7,	180,	0,	NULL,	NULL),
(1,	181,	0,	NULL,	NULL),
(2,	181,	0,	NULL,	NULL),
(3,	181,	0,	NULL,	NULL),
(4,	181,	0,	NULL,	NULL),
(5,	181,	0,	NULL,	NULL),
(6,	181,	0,	NULL,	NULL),
(7,	181,	0,	NULL,	NULL),
(1,	182,	0,	NULL,	NULL),
(2,	182,	0,	NULL,	NULL),
(3,	182,	0,	NULL,	NULL),
(4,	182,	0,	NULL,	NULL),
(5,	182,	0,	NULL,	NULL),
(6,	182,	0,	NULL,	NULL),
(7,	182,	0,	NULL,	NULL),
(1,	183,	0,	NULL,	NULL),
(2,	183,	0,	NULL,	NULL),
(3,	183,	0,	NULL,	NULL),
(4,	183,	0,	NULL,	NULL),
(5,	183,	0,	NULL,	NULL),
(6,	183,	0,	NULL,	NULL),
(7,	183,	0,	NULL,	NULL),
(1,	184,	2,	NULL,	NULL),
(2,	184,	2,	NULL,	NULL),
(3,	184,	2,	NULL,	NULL),
(4,	184,	2,	NULL,	NULL),
(5,	184,	2,	NULL,	NULL),
(6,	184,	2,	NULL,	NULL),
(7,	184,	2,	NULL,	NULL),
(1,	185,	0,	NULL,	NULL),
(2,	185,	0,	NULL,	NULL),
(3,	185,	0,	NULL,	NULL),
(4,	185,	0,	NULL,	NULL),
(5,	185,	0,	NULL,	NULL),
(6,	185,	0,	NULL,	NULL),
(7,	185,	0,	NULL,	NULL),
(1,	186,	0,	NULL,	NULL),
(2,	186,	0,	NULL,	NULL),
(3,	186,	0,	NULL,	NULL),
(4,	186,	0,	NULL,	NULL),
(5,	186,	0,	NULL,	NULL),
(6,	186,	0,	NULL,	NULL),
(7,	186,	0,	NULL,	NULL),
(1,	187,	0,	NULL,	NULL),
(2,	187,	0,	NULL,	NULL),
(3,	187,	0,	NULL,	NULL),
(4,	187,	0,	NULL,	NULL),
(5,	187,	0,	NULL,	NULL),
(6,	187,	0,	NULL,	NULL),
(7,	187,	0,	NULL,	NULL),
(1,	188,	0,	NULL,	NULL),
(2,	188,	0,	NULL,	NULL),
(3,	188,	0,	NULL,	NULL),
(4,	188,	0,	NULL,	NULL),
(5,	188,	0,	NULL,	NULL),
(6,	188,	0,	NULL,	NULL),
(7,	188,	0,	NULL,	NULL),
(1,	189,	1,	NULL,	NULL),
(2,	189,	1,	NULL,	NULL),
(3,	189,	1,	NULL,	NULL),
(4,	189,	1,	NULL,	NULL),
(5,	189,	1,	NULL,	NULL),
(6,	189,	1,	NULL,	NULL),
(7,	189,	1,	NULL,	NULL),
(1,	190,	0,	NULL,	NULL),
(2,	190,	0,	NULL,	NULL),
(3,	190,	0,	NULL,	NULL),
(4,	190,	0,	NULL,	NULL),
(5,	190,	0,	NULL,	NULL),
(6,	190,	0,	NULL,	NULL),
(7,	190,	0,	NULL,	NULL),
(1,	191,	1,	NULL,	NULL),
(2,	191,	1,	NULL,	NULL),
(3,	191,	1,	NULL,	NULL),
(4,	191,	1,	NULL,	NULL),
(5,	191,	1,	NULL,	NULL),
(6,	191,	1,	NULL,	NULL),
(7,	191,	1,	NULL,	NULL),
(1,	192,	1,	NULL,	NULL),
(2,	192,	1,	NULL,	NULL),
(3,	192,	1,	NULL,	NULL),
(4,	192,	1,	NULL,	NULL),
(5,	192,	1,	NULL,	NULL),
(6,	192,	1,	NULL,	NULL),
(7,	192,	1,	NULL,	NULL),
(1,	193,	2,	NULL,	NULL),
(2,	193,	2,	NULL,	NULL),
(3,	193,	2,	NULL,	NULL),
(4,	193,	2,	NULL,	NULL),
(5,	193,	2,	NULL,	NULL),
(6,	193,	2,	NULL,	NULL),
(7,	193,	2,	NULL,	NULL),
(1,	194,	1,	NULL,	NULL),
(2,	194,	1,	NULL,	NULL),
(3,	194,	1,	NULL,	NULL),
(4,	194,	1,	NULL,	NULL),
(5,	194,	1,	NULL,	NULL),
(6,	194,	1,	NULL,	NULL),
(7,	194,	1,	NULL,	NULL),
(1,	195,	1,	NULL,	NULL),
(2,	195,	1,	NULL,	NULL),
(3,	195,	1,	NULL,	NULL),
(4,	195,	1,	NULL,	NULL),
(5,	195,	1,	NULL,	NULL),
(6,	195,	1,	NULL,	NULL),
(7,	195,	1,	NULL,	NULL),
(1,	196,	2,	NULL,	NULL),
(2,	196,	2,	NULL,	NULL),
(3,	196,	2,	NULL,	NULL),
(4,	196,	2,	NULL,	NULL),
(5,	196,	2,	NULL,	NULL),
(6,	196,	2,	NULL,	NULL),
(7,	196,	2,	NULL,	NULL),
(1,	197,	0,	NULL,	NULL),
(2,	197,	0,	NULL,	NULL),
(3,	197,	0,	NULL,	NULL),
(4,	197,	0,	NULL,	NULL),
(5,	197,	0,	NULL,	NULL),
(6,	197,	0,	NULL,	NULL),
(7,	197,	0,	NULL,	NULL),
(1,	198,	0,	NULL,	NULL),
(2,	198,	0,	NULL,	NULL),
(3,	198,	0,	NULL,	NULL),
(4,	198,	0,	NULL,	NULL),
(5,	198,	0,	NULL,	NULL),
(6,	198,	0,	NULL,	NULL),
(7,	198,	0,	NULL,	NULL),
(1,	199,	1,	NULL,	NULL),
(2,	199,	1,	NULL,	NULL),
(3,	199,	1,	NULL,	NULL),
(4,	199,	1,	NULL,	NULL),
(5,	199,	1,	NULL,	NULL),
(6,	199,	1,	NULL,	NULL),
(7,	199,	1,	NULL,	NULL),
(1,	200,	0,	NULL,	NULL),
(2,	200,	0,	NULL,	NULL),
(3,	200,	0,	NULL,	NULL),
(4,	200,	0,	NULL,	NULL),
(5,	200,	0,	NULL,	NULL),
(6,	200,	0,	NULL,	NULL),
(7,	200,	0,	NULL,	NULL),
(1,	201,	2,	NULL,	NULL),
(2,	201,	2,	NULL,	NULL),
(3,	201,	2,	NULL,	NULL),
(4,	201,	2,	NULL,	NULL),
(5,	201,	2,	NULL,	NULL),
(6,	201,	2,	NULL,	NULL),
(7,	201,	2,	NULL,	NULL),
(1,	202,	0,	NULL,	NULL),
(2,	202,	0,	NULL,	NULL),
(3,	202,	0,	NULL,	NULL),
(4,	202,	0,	NULL,	NULL),
(5,	202,	0,	NULL,	NULL),
(6,	202,	0,	NULL,	NULL),
(7,	202,	0,	NULL,	NULL),
(1,	203,	1,	NULL,	NULL),
(2,	203,	1,	NULL,	NULL),
(3,	203,	1,	NULL,	NULL),
(4,	203,	1,	NULL,	NULL),
(5,	203,	1,	NULL,	NULL),
(6,	203,	1,	NULL,	NULL),
(7,	203,	1,	NULL,	NULL),
(1,	204,	1,	NULL,	NULL),
(2,	204,	1,	NULL,	NULL),
(3,	204,	1,	NULL,	NULL),
(4,	204,	1,	NULL,	NULL),
(5,	204,	1,	NULL,	NULL),
(6,	204,	1,	NULL,	NULL),
(7,	204,	1,	NULL,	NULL),
(1,	205,	1,	NULL,	NULL),
(2,	205,	1,	NULL,	NULL),
(3,	205,	1,	NULL,	NULL),
(4,	205,	1,	NULL,	NULL),
(5,	205,	1,	NULL,	NULL),
(6,	205,	1,	NULL,	NULL),
(7,	205,	1,	NULL,	NULL),
(1,	206,	4,	NULL,	NULL),
(2,	206,	4,	NULL,	NULL),
(3,	206,	4,	NULL,	NULL),
(4,	206,	4,	NULL,	NULL),
(5,	206,	4,	NULL,	NULL),
(6,	206,	4,	NULL,	NULL),
(7,	206,	4,	NULL,	NULL),
(1,	207,	0,	NULL,	NULL),
(2,	207,	0,	NULL,	NULL),
(3,	207,	0,	NULL,	NULL),
(4,	207,	0,	NULL,	NULL),
(5,	207,	0,	NULL,	NULL),
(6,	207,	0,	NULL,	NULL),
(7,	207,	0,	NULL,	NULL),
(1,	208,	0,	NULL,	NULL),
(2,	208,	0,	NULL,	NULL),
(3,	208,	0,	NULL,	NULL),
(4,	208,	0,	NULL,	NULL),
(5,	208,	0,	NULL,	NULL),
(6,	208,	0,	NULL,	NULL),
(7,	208,	0,	NULL,	NULL),
(1,	209,	9,	NULL,	NULL),
(2,	209,	9,	NULL,	NULL),
(3,	209,	9,	NULL,	NULL),
(4,	209,	9,	NULL,	NULL),
(5,	209,	9,	NULL,	NULL),
(6,	209,	9,	NULL,	NULL),
(7,	209,	9,	NULL,	NULL),
(1,	210,	5,	NULL,	NULL),
(2,	210,	5,	NULL,	NULL),
(3,	210,	5,	NULL,	NULL),
(4,	210,	5,	NULL,	NULL),
(5,	210,	5,	NULL,	NULL),
(6,	210,	5,	NULL,	NULL),
(7,	210,	5,	NULL,	NULL),
(1,	211,	6,	NULL,	NULL),
(2,	211,	6,	NULL,	NULL),
(3,	211,	6,	NULL,	NULL),
(4,	211,	6,	NULL,	NULL),
(5,	211,	6,	NULL,	NULL),
(6,	211,	6,	NULL,	NULL),
(7,	211,	6,	NULL,	NULL),
(1,	212,	7,	NULL,	NULL),
(2,	212,	7,	NULL,	NULL),
(3,	212,	7,	NULL,	NULL),
(4,	212,	7,	NULL,	NULL),
(5,	212,	7,	NULL,	NULL),
(6,	212,	7,	NULL,	NULL),
(7,	212,	7,	NULL,	NULL),
(1,	213,	6,	NULL,	NULL),
(2,	213,	6,	NULL,	NULL),
(3,	213,	6,	NULL,	NULL),
(4,	213,	6,	NULL,	NULL),
(5,	213,	6,	NULL,	NULL),
(6,	213,	6,	NULL,	NULL),
(7,	213,	6,	NULL,	NULL),
(1,	214,	0,	NULL,	NULL),
(2,	214,	0,	NULL,	NULL),
(3,	214,	0,	NULL,	NULL),
(4,	214,	0,	NULL,	NULL),
(5,	214,	0,	NULL,	NULL),
(6,	214,	0,	NULL,	NULL),
(7,	214,	0,	NULL,	NULL),
(1,	215,	3,	NULL,	NULL),
(2,	215,	3,	NULL,	NULL),
(3,	215,	3,	NULL,	NULL),
(4,	215,	3,	NULL,	NULL),
(5,	215,	3,	NULL,	NULL),
(6,	215,	3,	NULL,	NULL),
(7,	215,	3,	NULL,	NULL),
(1,	216,	7,	NULL,	NULL),
(2,	216,	7,	NULL,	NULL),
(3,	216,	7,	NULL,	NULL),
(4,	216,	7,	NULL,	NULL),
(5,	216,	7,	NULL,	NULL),
(6,	216,	7,	NULL,	NULL),
(7,	216,	7,	NULL,	NULL),
(1,	217,	0,	NULL,	NULL),
(2,	217,	0,	NULL,	NULL),
(3,	217,	0,	NULL,	NULL),
(4,	217,	0,	NULL,	NULL),
(5,	217,	0,	NULL,	NULL),
(6,	217,	0,	NULL,	NULL),
(7,	217,	0,	NULL,	NULL),
(1,	218,	0,	NULL,	NULL),
(2,	218,	0,	NULL,	NULL),
(3,	218,	0,	NULL,	NULL),
(4,	218,	0,	NULL,	NULL),
(5,	218,	0,	NULL,	NULL),
(6,	218,	0,	NULL,	NULL),
(7,	218,	0,	NULL,	NULL),
(1,	219,	2,	NULL,	NULL),
(2,	219,	2,	NULL,	NULL),
(3,	219,	2,	NULL,	NULL),
(4,	219,	2,	NULL,	NULL),
(5,	219,	2,	NULL,	NULL),
(6,	219,	2,	NULL,	NULL),
(7,	219,	2,	NULL,	NULL),
(1,	220,	5,	NULL,	NULL),
(2,	220,	5,	NULL,	NULL),
(3,	220,	5,	NULL,	NULL),
(4,	220,	5,	NULL,	NULL),
(5,	220,	5,	NULL,	NULL),
(6,	220,	5,	NULL,	NULL),
(7,	220,	5,	NULL,	NULL),
(1,	221,	0,	NULL,	NULL),
(2,	221,	0,	NULL,	NULL),
(3,	221,	0,	NULL,	NULL),
(4,	221,	0,	NULL,	NULL),
(5,	221,	0,	NULL,	NULL),
(6,	221,	0,	NULL,	NULL),
(7,	221,	0,	NULL,	NULL),
(1,	222,	0,	NULL,	NULL),
(2,	222,	0,	NULL,	NULL),
(3,	222,	0,	NULL,	NULL),
(4,	222,	0,	NULL,	NULL),
(5,	222,	0,	NULL,	NULL),
(6,	222,	0,	NULL,	NULL),
(7,	222,	0,	NULL,	NULL),
(1,	223,	4,	NULL,	NULL),
(2,	223,	4,	NULL,	NULL),
(3,	223,	4,	NULL,	NULL),
(4,	223,	4,	NULL,	NULL),
(5,	223,	4,	NULL,	NULL),
(6,	223,	4,	NULL,	NULL),
(7,	223,	4,	NULL,	NULL),
(1,	224,	0,	NULL,	NULL),
(2,	224,	0,	NULL,	NULL),
(3,	224,	0,	NULL,	NULL),
(4,	224,	0,	NULL,	NULL),
(5,	224,	0,	NULL,	NULL),
(6,	224,	0,	NULL,	NULL),
(7,	224,	0,	NULL,	NULL),
(1,	225,	10,	NULL,	NULL),
(2,	225,	10,	NULL,	NULL),
(3,	225,	10,	NULL,	NULL),
(4,	225,	10,	NULL,	NULL),
(5,	225,	10,	NULL,	NULL),
(6,	225,	10,	NULL,	NULL),
(7,	225,	10,	NULL,	NULL),
(1,	226,	0,	NULL,	NULL),
(2,	226,	0,	NULL,	NULL),
(3,	226,	0,	NULL,	NULL),
(4,	226,	0,	NULL,	NULL),
(5,	226,	0,	NULL,	NULL),
(6,	226,	0,	NULL,	NULL),
(7,	226,	0,	NULL,	NULL),
(1,	227,	0,	NULL,	NULL),
(2,	227,	0,	NULL,	NULL),
(3,	227,	0,	NULL,	NULL),
(4,	227,	0,	NULL,	NULL),
(5,	227,	0,	NULL,	NULL),
(6,	227,	0,	NULL,	NULL),
(7,	227,	0,	NULL,	NULL),
(1,	228,	0,	NULL,	NULL),
(2,	228,	0,	NULL,	NULL),
(3,	228,	0,	NULL,	NULL),
(4,	228,	0,	NULL,	NULL),
(5,	228,	0,	NULL,	NULL),
(6,	228,	0,	NULL,	NULL),
(7,	228,	0,	NULL,	NULL),
(1,	229,	5,	NULL,	NULL),
(2,	229,	5,	NULL,	NULL),
(3,	229,	5,	NULL,	NULL),
(4,	229,	5,	NULL,	NULL),
(5,	229,	5,	NULL,	NULL),
(6,	229,	5,	NULL,	NULL),
(7,	229,	5,	NULL,	NULL),
(1,	230,	1,	NULL,	NULL),
(2,	230,	1,	NULL,	NULL),
(3,	230,	1,	NULL,	NULL),
(4,	230,	1,	NULL,	NULL),
(5,	230,	1,	NULL,	NULL),
(6,	230,	1,	NULL,	NULL),
(7,	230,	1,	NULL,	NULL),
(1,	231,	2,	NULL,	NULL),
(2,	231,	2,	NULL,	NULL),
(3,	231,	2,	NULL,	NULL),
(4,	231,	2,	NULL,	NULL),
(5,	231,	2,	NULL,	NULL),
(6,	231,	2,	NULL,	NULL),
(7,	231,	2,	NULL,	NULL),
(1,	232,	0,	NULL,	NULL),
(2,	232,	0,	NULL,	NULL),
(3,	232,	0,	NULL,	NULL),
(4,	232,	0,	NULL,	NULL),
(5,	232,	0,	NULL,	NULL),
(6,	232,	0,	NULL,	NULL),
(7,	232,	0,	NULL,	NULL),
(1,	233,	0,	NULL,	NULL),
(2,	233,	0,	NULL,	NULL),
(3,	233,	0,	NULL,	NULL),
(4,	233,	0,	NULL,	NULL),
(5,	233,	0,	NULL,	NULL),
(6,	233,	0,	NULL,	NULL),
(7,	233,	0,	NULL,	NULL),
(1,	234,	1,	NULL,	NULL),
(2,	234,	1,	NULL,	NULL),
(3,	234,	1,	NULL,	NULL),
(4,	234,	1,	NULL,	NULL),
(5,	234,	1,	NULL,	NULL),
(6,	234,	1,	NULL,	NULL),
(7,	234,	1,	NULL,	NULL),
(1,	235,	15,	NULL,	NULL),
(1,	236,	11,	NULL,	NULL),
(1,	237,	4,	NULL,	NULL),
(1,	238,	10,	NULL,	NULL),
(1,	239,	3,	NULL,	NULL),
(1,	240,	7,	NULL,	NULL),
(1,	241,	6,	NULL,	NULL),
(1,	242,	23,	NULL,	NULL),
(4,	243,	3,	NULL,	NULL),
(4,	244,	1,	NULL,	NULL),
(4,	245,	9,	NULL,	NULL),
(4,	246,	27,	NULL,	NULL),
(4,	247,	5,	NULL,	NULL),
(4,	238,	19,	NULL,	NULL),
(4,	240,	12,	NULL,	NULL),
(4,	248,	16,	NULL,	NULL),
(4,	249,	28,	NULL,	NULL),
(4,	241,	7,	NULL,	NULL),
(4,	250,	26,	NULL,	NULL),
(4,	251,	10,	NULL,	NULL),
(6,	252,	16,	NULL,	NULL),
(6,	253,	28,	NULL,	NULL),
(6,	254,	20,	NULL,	NULL),
(6,	255,	17,	NULL,	NULL),
(6,	256,	23,	NULL,	NULL),
(6,	257,	10,	NULL,	NULL),
(6,	238,	0,	NULL,	NULL),
(6,	258,	18,	NULL,	NULL),
(6,	240,	20,	NULL,	NULL),
(6,	248,	11,	NULL,	NULL),
(6,	241,	23,	NULL,	NULL),
(6,	250,	14,	NULL,	NULL),
(5,	259,	22,	NULL,	NULL),
(5,	260,	13,	NULL,	NULL),
(5,	245,	5,	NULL,	NULL),
(5,	248,	21,	NULL,	NULL),
(5,	241,	7,	NULL,	NULL),
(5,	261,	15,	NULL,	NULL),
(5,	251,	29,	NULL,	NULL),
(3,	241,	21,	NULL,	NULL),
(3,	250,	23,	NULL,	NULL),
(7,	240,	3,	NULL,	NULL),
(2,	262,	21,	NULL,	NULL),
(2,	255,	3,	NULL,	NULL),
(2,	260,	1,	NULL,	NULL),
(2,	249,	22,	NULL,	NULL);

DROP TABLE IF EXISTS `users`;
CREATE TABLE `users` (
  `id` bigint(20) unsigned NOT NULL AUTO_INCREMENT,
  `name` varchar(255) COLLATE utf8mb4_unicode_ci NOT NULL,
  `email` varchar(255) COLLATE utf8mb4_unicode_ci NOT NULL,
  `password` varchar(255) COLLATE utf8mb4_unicode_ci NOT NULL,
  `phone` varchar(255) COLLATE utf8mb4_unicode_ci DEFAULT NULL,
  `role` enum('admin','member') COLLATE utf8mb4_unicode_ci DEFAULT 'member',
  `created_at` timestamp NULL DEFAULT NULL,
  `updated_at` timestamp NULL DEFAULT NULL,
  PRIMARY KEY (`id`),
  UNIQUE KEY `users_email_unique` (`email`)
) ENGINE=InnoDB DEFAULT CHARSET=utf8mb4 COLLATE=utf8mb4_unicode_ci;

INSERT INTO `users` (`id`, `name`, `email`, `password`, `phone`, `role`, `created_at`, `updated_at`) VALUES
(1,	'Admin',	'admin@rekomendasi.com',	'$2y$10$zds9KCVojwpuhHhhsQTinOtmxjDG0PaECaGzbi3K/NBJx5LLpfnFu',	NULL,	'admin',	'2020-05-05 11:53:12',	'2020-05-05 11:53:12');

DROP TABLE IF EXISTS `user_produk_like`;
CREATE TABLE `user_produk_like` (
  `user_id` int(10) unsigned NOT NULL,
  `produk_id` int(10) unsigned NOT NULL
) ENGINE=InnoDB DEFAULT CHARSET=utf8mb4 COLLATE=utf8mb4_unicode_ci;


-- 2020-05-05 12:14:08
